1,"M. L. Ginsberg",
2,"M. P. Wellman",
3,"I. P. Gent",
4,"F. Bergadano",
5,"J. C. Schlimmer",
6,"M. Buchheit",
7,"N. Nilsson",
8,"C. X. Ling",
9,"D. J. Cook",
10,"M. Koppel",
11,"P. M. Murphy",
12,"A. Borgida",
13,"R. Sebastiani",
14,"A. J. Grove",
15,"T. Kitani",
16,"S. K. Murthy",
17,"S. Safra",
18,"S. Soderland",
19,"W. L. Buntine",
20,"S. Minton",
21,"T. G. Dietterich",
22,"S. Hanks",
23,"P. Cichosz",
24,"P. D. Turney",
25,"S. K. Donoho",
26,"P. David",
27,"A. Schaerf",
28,"S. J. Russell",
29,"W. W. Cohen",
31,"M. Veloso",
32,"R. J. Mooney",
33,"R. Bergmann",
34,"Q. Zhao",
35,"C. G. Giraud-Carrier",
36,"Y. Bengio",
37,"G. Pinkas",
38,"K. Woods",
39,"S. B. Huffman",
40,"G. I. Webb",
41,"A. Broggi",
42,"P. Idestam-Almquist",
43,"D. Heckerman",
44,"R. Khardon",
45,"M. Buro",
46,"S. M. Weiss",
47,"P. vanBeek",
48,"G. Brewka",
49,"A. L. Delcher",
50,"T. Hogg",
51,"L. K. Saul",
52,"J. R. Quinlan",
53,"D. A. Cohn",
54,"T. Walsh",
55,"E. Marchiori",
56,"D. Fisher",
58,"S. H. Nienhuys-Cheng",
59,"L. P. Kaelbling",
60,"J. Gratch",
61,"P. Tadepalli",
62,"L. Pryor",
63,"S. Bhansali",
64,"R. I. Brafman",
65,"K. Yip",
66,"R. Ben-Eliyahu",
67,"A. Gerevini",
68,"D. J. Litman",
69,"G. Zlotkin",
71,"R. A Helzerman",
72,"N. L. Zhang",
74,"L. M. deCampos",
75,"D. R. Wilson",
76,"S. Wermter",
77,"G. DeGiacomo",
78,"P. Agre",
79,"A. Darwiche",
80,"D. W. Opitz",
81,"M. E. Pollack",
82,"P. Jonsson",
83,"D. L. Mammen",
84,"T. Drakengren",
85,"J. Y. Halpern",
86,"M. Tambe",
87,"C. G. Nevill-Manning",
88,"L. H. Ihrig",
90,"D. Monderer",
91,"J. Frank",
92,"H. Kaindl",
93,"G. Gogic",
94,"J. Engelfriet",
95,"B. Srivastava",
96,"A. Moore",
97,"S. Argamon-Engelson",
98,"J. Fürnkranz",
100,"L. Finkelstein",
101,"M. L. Littman",
102,"Ion Muslea",
103,"Krzysztof R. Apt",
104,"Erik T. Mueller",
105,"Andreas Raggl",
106,"N Friedman",
107,"Stevan Harnad",
108,"S. Mohanty",
109,"Juergen Dix",
110,"Joseph Y. Halpern",
111,"Marc Denecker",
112,"Deborah East",
113,"Luis M. Rocha",
114,"Ken Satoh",
115,"John L. Pollock",
116,"Daniele Theseider Dupre",
117,"Antonis Kakas",
118,"Samir Chopra",
119,"Thomas Lukasiewicz",
120,"James P. Delgrande",
121,"Bert Van Nuffelen",
123,"Nedra Mellouli",
125,"Carmen Vodislav",
126,"Henrik Grosskreutz",
127,"Ilkka Niemela",
129,"Uwe Egly",
130,"Richard Watson",
131,"Maarit Hietalahti",
132,"Yuliya Babovich",
133,"Adnan Darwiche",
134,"Steffen Hoelldobler",
136,"Renata Wassermann",
137,"James Delgrande",
138,"Mary-Anne Williams",
143,"S. Piechowiak",
144,"Alejandro Zunino",
145,"Umberto Straccia",
147,"Nikolay Pelov",
148,"Li Min Fu",
149,"Aspassia Daskalopulu",
150,"Chris Reed",
151,"Yannis Dimopoulos",
152,"Laurent Granvilliers",
153,"T. Eiter",
154,"Ivo Kwee",
155,"Moshe Tennenholtz",
156,"Pierre Albarede",
157,"Sarit Kraus",
158,"Daniel Lehmann",
161,"Shai Berger",
162,"Michael Freund",
165,"Yuri Kaluzhny",
167,"J. P. Delgrande",
168,"Yan Zhang",
172,"Jarmo Laaksolahti",
173,"Piero A. Bonatti",
174,"Tran Cao Son",
175,"C. Cayrol",
176,"Alexander Bochman",
178,"Gerhard Brewka",
181,"T. Bench-Capon",
182,"Torsten Schaub",
183,"Dritan Berzati",
184,"Bart Verheij",
186,"Henry E. Kyburg Jr.",
187,"Yves Moinard",
188,"Mikalai Birukou",
191,"Carlos Gershenson",
192,"Salem Benferhat",
193,"Victor Eliashberg",
196,"Carlos Gershenson Garcia",
197,"Pedro Pablo Gonzalez Perez",
198,"Istvan Szita",
199,"Balint Takacs",
200,"Kewen Wang",
202,"Alejandro Javier Garcia",
203,"Evgueni Petrov",
204,"Barnabas Poczos",
206,"T. Janhunen",
207,"Hedvig Sidenbladh",
208,"Ambuj Mahanti",
209,"Johan Schubert",
210,"Gert de Cooman",
211,"Peter D. Grunwald",
212,"Stephane Grandcolas",
213,"J Gerard Wolff",
215,"Amar Isli",
217,"Fahiem Bacchus",
219,"Aleks Jakulin",
221,"Igor Bocharov",
222,"Ali E. Abbas",
224,"Simona Perri",
225,"Lengning Liu",
227,"Ali Abbas",
229,"Viviana Mascardi",
230,"Francis C. Chu",
234,"Laurent Henocque",
235,"Marcello Balduccini",
236,"Paolo Ferraris",
237,"Victor W. Marek",
239,"Fangzhen Lin",
240,"Jean-Marie Chauvet",
241,"Sergio Alejandro Gomez",
242,"Y. Loyer",
243,"Carlos R. de la Mora B.",
244,"G. Ianni",
245,"Francesco Calimeri",
246,"Jorge Lobo",
247,"Ravi Jain",
248,"Ajith Abraham",
252,"Golam Sorwar",
253,"Andy AuYeung",
254,"Srinivas Mukkamala",
255,"Marcin Paprzycki",
257,"Sonja Petrovic-Lazarevic",
259,"Andy Auyeung",
260,"Cong Tran",
266,"Ron Edwards",
267,"Miao M. Chong",
268,"Muhammad Riaz Khan",
270,"Le-Chi Tuan",
271,"Michael J. Maher",
272,"Carlos Iván Chesñevar",
273,"Andrea Severe",
274,"Vladan Vuckovic",
275,"S. Ravichandran",
276,"Ambedkar Dukkipati",
277,"W. J. van Hoeve",
278,"Willem Jan van Hoeve",
279,"M. Milano",
280,"Florentin Smarandache",
282,"Michael Thielscher",
285,"Jean Dezert",
287,"Stefania Costantini",
291,"Ziny Flikop",
292,"Balaram Das",
294,"Pontus Svenson",
296,"Olivier Aycard",
297,"Dominique Dutoit",
298,"Thomas Eiter",
299,"Peter M. Kruse",
300,"Manuela Kunze",
304,"Dietmar Roesner",
305,"J. -Ph Rennard",
306,"Vitaly Schetinin",
309,"Byeong Ho Kang",
310,"Jean-Francois Mari",
311,"Sabine Bruaux",
312,"Patrick Albert",
313,"Jiayang Wang",
314,"Luis O. Rigo Jr.",
315,"Samuel Landau",
317,"Zengyou He",
319,"Gilles Kassel",
320,"Jamal Saboune",
323,"Nizar Kerkeni",
324,"Marc Schoenauer",
325,"Aguston E. Eiben",
326,Prashant,
327,"Carlos Kavka",
328,"Xuan-Ha Vu",
329,"Jose L. Salmeron",
330,"Mark Burgin",
331,"Jens Oehlschlägel",
333,"Subhash Kak",
334,"Neil Yorke-Smith",
335,"Alain Ratle",
336,"Wit Jakuczun",
337,"Stijn Heymans",
338,"Andreas Herzig",
339,"Patrik O. Hoyer",
340,"Nikita A. Sakhanenko",
342,"Alexey V. Melkikh",
343,"M. C. Florea",
344,"Yongzhi Cao",
346,"L. Steels",
347,"Phan Huy Tu",
348,"David Bellot",
349,"Fuchun Liu",
350,"Jaime S. Cardoso",
351,"Wolfram Hardt",
352,"T. Allison",
353,"H. Dong",
354,"B. oerter",
355,"Denis V. Popel",
357,"Darran Nathan",
358,"Franc Jurkovic",
360,"Serban E. Vlad",
361,"J. R. Burger",
362,"Ali Ahmadinia",
363,"John Robert Burger",
364,"Christophe Bobda",
365,"Abhilash Ponnath",
366,"Himanshu Thapliyal",
370,"Germain Drolet",
371,"Gwenolé Corre",
372,"Philippe Coussy",
376,"Nader Ben Amor",
382,"Cyrille Chavet",
385,"P. B. Alipour",
386,"G. F. Bouesse",
387,"F. Belletti",
388,"Mohd Abubakr",
389,"Trent Mcconaghy",
390,"Nikolaos Kavvadias",
391,"Y. Satish Kumar",
392,"Stephen J. Mellor",
393,"Sankalp S. Kallakuri",
394,"Cristiano Forzan",
395,"Jurgen Schnerr",
396,"B. Cheon",
397,"O. Villa",
398,"Praveen Ghanta",
399,"Mahmut Kandemir",
400,"Shervin Sharifi",
401,"Peng Li",
402,"Baosheng Wang",
403,"Minas Dasygenis",
404,"Gh. Bodean",
405,"Pierre Bomel",
406,"W. -L. Hung",
407,"C. Chiang",
408,"Animesh Datta",
409,"Nicolo Manaresi",
410,"Cheng-Wen Wu",
411,"Ilia Polian",
412,"Srinivasan Murali",
413,"Fei Su",
415,"R. Thewes",
416,"Himanshu Kaul",
417,"Wolf-Dietrich Weber",
418,"S. Tosun",
419,"C. Bolchini",
420,"Anuja Sehgal",
421,"Sandeep Kumar Goel",
422,"F. Lima Kastensmidt",
423,"Zhuo Li",
424,"K. -U. Kirstein",
425,"Ananta K. Majhi",
426,"Aseem Agarwal",
427,"Tohru Ishihara",
428,"Yoonjin Kim",
429,"Roman Lysecky",
430,"Rui Rodrigues",
431,"Umit Y. Ogras",
432,"Georges Gielen",
433,"N. Huot",
434,"Ghazanfar Asadi",
435,"Osama Neiroukh",
436,"Jia Yu",
437,"Jonathan R. Carter",
438,"Zhi Guo",
439,"Raoul F. Badaoui",
440,"Sounil Biswas",
441,"Yuvraj Singh Dhillon",
442,"Pekka Syri",
443,"Yu-Tsun Chien",
444,"L. Barrandon",
445,"Paul Muller",
446,"Jung-Chun Kao",
447,"Saibal Mukhopadhyay",
448,"Yuh-Fang Tsai",
449,"S. A. Bota",
450,"Irith Pomeranz",
451,"L. Lopez",
452,"Cesar Marcon",
453,"Joel Coburn",
454,"Jin-Fu Li",
455,"Wolfgang Klingauf",
456,"Lars Wehmeyer",
457,"Philippe Martin",
458,"Celia Lopez-Ongil",
459,"J. L. Rossello",
460,"A. Verle",
461,"D. C. Keezer",
462,"Takeshi Kitahara",
463,"Matthias Beck",
464,"G. M. Link",
465,"Robert Bai",
466,"Alexandre M. Amory",
467,"Javier Resano",
468,"R. Ruiz-Sautua",
469,"Hannu Heusala",
470,"Kris Tiri",
471,"Young-Taek Kim",
472,"Andres Takach",
473,"Sandro V. Silva",
474,"I. Papaefstathiou",
475,"Andrew Duller",
476,"Partha Biswas",
477,"R. Pradeep",
478,"Wayne Lyons",
479,"C. Jeffrey",
480,"A. Mayer",
481,"Massimo Conti",
482,"Steve Chappell",
483,"L. Fanucci",
484,"Christoph Sandner",
485,"Terje N. Andersen",
486,"P. Bernardi",
487,"Dan Hillman",
488,"Aline Mello",
489,"M. D. Galanis",
490,"Tero Rissa",
491,"Michael Ullmann",
492,"J. A. Bergstra",
493,"Barbara Cerato",
496,"Javier D. Garcia-Lasheras",
497,"Renato Figueiredo",
498,"Alain Aubert",
499,"Tie Hou",
500,"Nick Stukach",
501,"Nuno Alves",
502,"Linlin Zhang",
503,"Y. Shiyanovskii",
505,"Kamanashis Biswas",
506,"Maurizio Martina",
507,"Ernst Martin Witte",
508,"Bingbing Xia",
509,"Vaidehi. M.",
510,"T. R. Gopalakrishnan Nair",
513,"Sherif Welsen Shaker",
514,"Michael Robinson",
515,"Md. Saiful Islam",
519,"Md. Rafiqul Islam",
520,"Hafiz Md. Hasaan Babu",
521,"Farnood Merrikh-Bayat",
525,"M. Kamaraju",
526,"Anindya Das",
528,"Md. Abul Kalam Azad",
529,"Md. Abul kalam Azad",
530,"Indranil Hatai",
531,"Moslem Rashidi",
532,"Ni-Chun Wang",
533,"Farhat Masood",
534,"Ashkan Khatir",
535,"Shlomi Dolev",
537,"Vladimir Hahanov",
539,"Carlo Condo",
540,"Tsahee Zidenberg",
541,"Diana Bodean",
542,"Svetlana Chumachenko",
543,"Rigui zhou",
544,"Hrishikesh Sharma",
545,"Ifat Jahangir",
546,"Annmol Cherian",
547,"Jing Zhang",
548,"Peibo Xie",
549,"Sunil Gavaskar Reddy",
550,"B. Ramkumar",
551,"V. Sreedeep",
552,"Balaji Venu",
553,"Ramkumar B.",
554,"Jorge Luiz e Silva",
555,"Maxim Vashkevich",
556,"Chuan Zhang",
559,"N. Ramasubramanian",
560,"Sourya Roy",
561,"Nirlakalla Ravi",
564,"Zainab Ashari",
565,"Naagesh S. Bhat",
566,"Shaily Mittal",
567,"Ahmed M. Mahran",
568,"Ahmed H. M. Soliman",
569,"Lucia G. Menezo",
570,"Muhammad Adeel Akram",
571,"Mehdi Alipour",
572,"Pradeep Singla",
573,"Rourab Paul",
574,"Mohandeep Sharma",
575,"Amandeep Singh",
578,"François Leduc-Primeau",
579,"Ahmad Lashgar",
581,"Lei Li",
582,"Daofu Liu",
583,"Hardik Shah",
584,"Nungleppam Monoranjan Singh",
585,"N. Monoranjan Singh",
587,"Rajkumar Sarma",
588,"Nasif Muslim",
590,"Jalil Boukhobza",
591,"Saeid Sharifian Nia",
592,"Guido Stolfi",
593,"Chaitali Biswas Dutta",
594,"Licheng Chen",
596,"Marcos Sanchez-Elez",
597,"Feng Shi",
598,"Stefan Wallentowitz",
599,"Gongming Li",
600,"Amitabha Sinha",
601,"Aakash Gupta",
602,"Leonid Yavits",
603,"Hu Li",
604,"Laxmi Kumre",
606,"Bijay Paikaray",
607,"Ilya Y. Zhbannikov",
609,"Hooman Jarollahi",
610,"Karthik Reddy. G",
611,"Pece Mitrevski",
612,"Sparsh Mittal",
613,"Irfan Uddin",
618,"Dipankar Saha",
619,"Ralph Nathan",
620,"Guillaume Berhault",
621,"Christelle Hobeika",
622,"Feitian Li",
624,"Blake A. Hechtman",
628,"Ahmed Ben Achballah",
630,"Nanditha P. Rao",
633,"M. C. Hanumantharaju",
634,"Moustafa Mohamed",
636,"Haipeng Zhang",
637,"James Pallister",
638,"Harald Kröll",
639,"Karel De Vogeleer",
640,"Chandrajit Pal",
642,"Omar Rafique",
643,"Maribell Sacanamboy Franco",
644,"Raul Rojas",
645,"Ravi Khatwal",
647,"Mohammed Zackriya. V",
649,"Satish S Bhairannawar",
650,"C. J. Deepu",
651,"Abdelhakim Alali",
652,"Mário Véstias",
654,"Madhav Desai",
655,"Ali Ghorbani",
656,"Mehdi Masoudi",
657,"Stephan Held",
658,"Marcelo Daniel Berejuck",
659,"Nihar Athreyas",
660,"Peter Kornerup",
661,"Dong-hyeon Park",
662,"Salman Onsori",
663,"Dong Zhaoyu",
664,"Onur Dizdar",
665,"Pascal Giard",
666,"T. M. R. L. B. Abeysinghe",
667,"Xinghua Yang",
668,"Kirat Pal Singh",
669,"Jithin R",
670,"Nan Li",
671,"Vishwesh Jatala",
672,"YouZhe Fan",
673,"Hamza Bin Sohail",
674,"Syed Waqar Nabi",
675,"Donghyuk Lee",
676,"Mohammad Shihabul Haque",
680,"Swagata Mandal",
681,"Yang Li",
682,"Konrad Möller",
683,"Mário P. Véstias",
684,"Tobias Strauch",
685,"Ananda Kiran",
686,"Mohsen Ghasempour",
688,"Batta Kota Naga Srinivasarao",
689,"Neeraj Kumar Misra",
691,"Wojciech M. Zabolotny",
692,"Massoud Mokhtarpour Ghahroodi",
693,"Jun Lin",
694,"Naveen Kadayinti",
696,"Roshan G. Ragel",
698,"Xiangyao Yu",
699,"Sohail Ahasan",
700,"Eric Cheng",
701,"Donald E. Knuth",
703,"Edith Hemaspaandra",
704,"Joerg Rothe",
705,"Judy Goldsmith",
706,"Clemens Lautemann",
707,"Heribert Vollmer",
708,"Steffen Reith",
709,"Satoshi Horie",
710,"Michel Rigo",
712,"Jin-Yi Cai",
713,"Lane A. Hemaspaandra",
720,"Bernd Borchert",
731,"David B. Benson",
732,"Christian Glasser",
733,"Christopher M. Homan",
737,"André Grosse",
738,"Andre Grosse",
739,"V. G. Naidenko",
740,"Marek Chrobak",
741,"Jörg Rothe",
743,"Tao Jiang",
744,"Ming Li",
745,"Fabrizio Angiulli",
746,"M. N. Vyalyi",
747,"Leonid A. Levin",
749,"Amir Shpilka",
750,"Jack H. Lutz",
753,"Laszlo Lovasz",
754,"Michael R. Fellows",
755,"Charles Sauerbier",
756,"Hartmut Klauck",
757,"C. Sauerbier",
758,"John M. Hitchcock",
759,"Stephen A. Fenner",
761,"Christoph Durr",
762,"Gabriel Istrate",
763,"Krishna B. Athreya",
764,"A. G. Yaneff",
766,"Sandor P. Fekete",
767,"Tobias Riege",
768,"Shafi Goldwasser",
769,"Sergey I. Nikolenko",
770,"S. M. Kautz",
771,"Peter Buergisser",
772,"Rahul Jain",
773,"Irit Dinur",
775,"Sanjeev Arora",
776,"Uriel Feige",
777,"Russell Impagliazzo",
778,"Ran Raz",
780,"Craig Alan Feinstein",
782,"Vince Grolmusz",
783,"Boris Alexeev",
784,"Kohtaro Tadaki",
786,"Peter Gacs",
787,"Xiaoyang Gu",
788,"J. -P. Rennard",
789,"Frank Harary",
790,"Eliza N. Maneva",
791,"Luca Trevisan",
794,"M. V. Panduranga Rao",
795,"Julien Cervelle",
796,"Mircea Alexandru Popescu Moscu",
797,"Tetsushi Matsui",
798,"Petrus H. Potgieter",
799,"Peter Jonsson",
800,"Enrico Formenti",
801,"Michael Bauland",
802,"David Soloveichik",
806,"Sourav Chakraborty",
807,"Raju Renjit G",
808,"John Tromp",
809,"David Poulin",
811,"Paul Vitanyi",
813,"Marats Golovkins",
814,"Boris Ryabko",
815,"Gatis Midrijanis",
816,"Piotr Faliszewski",
818,"Jiri Sima",
819,"Tereza Tusarova",
820,"Vamsi Kalapala",
821,"R. A. Cohen",
822,"Sergey P. Tarasov",
823,"Stephen Cook",
825,"Ming-Yang Kao",
827,"Vladimir Deineko",
828,"Paulin Jacobé De Naurois",
831,"O. Habibi",
832,"Raphaël Jungers",
833,"Sergio Caracciolo",
835,"Cristian S. Calude",
836,"Andrej Bogdanov",
837,"Fredrik Kuivinen",
838,"Xin Li",
839,"Philippe Chapdelaine",
840,"Elliott H. Lieb",
842,"Toshiyasu Arai",
843,"Jean-Yves Marion",
844,"Andre Hernich",
846,"Johannes Koebler",
847,"Philippe Moser",
849,"Parikshit Gopalan",
850,"Pascal Koiran",
852,"Raju Renjit. G",
853,"Sumit Ganguly",
854,"Hamed Hatami",
855,"Moustapha Diaby",
856,"Blake Hegerle",
857,"Barnaby Martin",
859,"Holger Spakowski",
860,"Andrew Badr",
861,"Kia Kai Li",
862,"Vadim Yatsenko",
863,"François Pitt",
865,"Jonah Blasiak",
866,"Sergey Gubin",
867,"Ketan D. Mulmuley Hariharan Narayanan",
868,"Ketan D. Mulmuley",
869,"Akitoshi Kawamura",
870,"Dorothea Baumeister",
871,"Karlen Garnik Gharibyan",
873,"Kyle Sabo",
874,"Nerio Borges",
875,"Peter Gaži",
876,"Robert Gilman",
877,"Turlough Neary",
878,"Krzysztof Majewski",
879,"Vadim Tarin",
880,"Matthew Delacorte",
881,"Fabrizio Altarelli",
886,"Mikael Franzen",
887,"Ines Klimann",
889,"Elitza Maneva",
890,"Dima Grigoriev",
891,"Jan Foniok",
892,"Victor Korotkikh",
893,"Martin Dyer",
895,"Reiner Czerwinski",
898,"Troy Lee",
899,"Christopher Clingerman",
900,"V. Arvind",
901,"Arkadev Chattopadhyay",
902,"Boaz Barak",
903,"Anil Ada",
904,"Oleg Verbitsky",
906,"Tommy Färnqvist",
907,"Cyril Allauzen",
908,"Nutan Limaye",
909,"Silvano Di Zenzo",
911,"Per Austrin",
912,"Laurent Bienvenu",
913,"Angsheng Li",
915,"Wouter Gelade",
917,"Matei David",
919,"Alberto Dennunzio",
922,"Marián Dvorský",
923,"Robert Spalek",
925,"Jerrald Meek",
927,"Timothy Y. Chow",
928,"Ilias Diakonikolas",
929,"Alexander A. Sherstov",
932,"Samir Datta",
934,"Andrew Drucker",
936,"Xuan Cai",
938,"John Faben",
941,"Sergey Volkov",
942,"Cristopher Moore",
943,"Marco Kuhlmann",
944,"Daowen Qiu",
945,"Shiva Kintali",
946,"Malay Dutta",
947,"Joshua Herman",
948,"Abuzer Yakaryilmaz",
949,"Armando Matos",
950,"Kazuyuki Amano",
951,"André Gronemeier",
952,"Stefan Kratsch",
955,"Kenya Ueno",
956,"Irénée Briquel",
957,"Lance Fortnow",
961,"M. Rémon",
962,"Daniil Musatov",
963,"Frank Ferraro",
964,"Andrew Keenan Richardson",
965,"Sagarmoy Dutta",
966,"Arto Annila",
967,"Alexander Krassovitskiy",
968,"Yonatan Bilu",
970,"Sergey Verlan",
971,"David Doty",
972,"Matthew J. Patitz",
973,"Hunter Monroe",
974,"Daniel Binkele-Raible",
975,"Javaid Aslam",
976,"Elaine M. Eschen",
977,"Scott M. Summers",
979,"Pavel Hrubes",
980,"Olivier Bournez",
982,"André Luiz Barbosa",
986,"Norbert Bátfai",
987,"Julien M. Hendrickx",
990,"M. Bordewich",
991,"Andrew C. Yao",
994,"Yann Dujardin",
995,"Luigi Salemi",
997,"Evangelos Markakis",
998,"Jan Draisma",
999,"Maurice Jansen",
1002,"Venkatesan Guruswami",
1003,"Chinmay Karande",
1006,"Raghu Meka",
1010,"Aaron Potechin",
1011,"Walid Gomaa",
1013,"Ido Ben-Eliezer",
1014,"Nadja Betzler",
1015,"Vikraman Arvind",
1016,"Cedric Chauve",
1017,"Paul Beame",
1019,"Amit Kumar",
1021,"Bruno Grenet",
1022,"Harry Buhrman",
1023,"Andrey A. Voronenko",
1024,"Jean-Camille Birget",
1025,"Laszlo Egri",
1026,"Bireswar Das",
1027,"Minghui Jiang",
1028,"Joshua Brody",
1032,"Michael Kowalczyk",
1033,"P. Gopalan",
1034,"Aduri Pavan",
1036,"Weiling Chang",
1037,"Rakesh Dube",
1038,"Nicola Caporaso",
1039,"Bruno Bauwens",
1040,"Martin E. Dyer",
1043,"Sylvain Guillemot",
1044,"Luca Vercelli",
1046,"Lila Kari",
1048,"Dustin Wehr",
1049,"Deepak Ponvel Chermakani",
1050,"Peiyush Jain",
1051,"George Yong Liu",
1052,"Karhan Akcoglu",
1053,"Koichiro Matsuno",
1055,"Kai Nagel",
1056,"Fedor S. Kilin",
1057,"Joseph L. McCauley",
1058,"David Lyback",
1059,"Magnus Boman",
1061,"B. Kovalerchuk",
1062,"Alex Verstak",
1063,"W Chen",
1064,"Alexandre d'Aspremont",
1066,"Gilles Daniel",
1067,"Reno Filla",
1069,"Andrea Formica",
1070,"Valdis Vitolins",
1071,"P. Aliani",
1075,"J. Balic",
1076,"Vladimir V. Migunov",
1079,"P. Nefyodov",
1081,"Roberto da Silva",
1083,"Randal Douc",
1084,"A. S. Siver",
1085,"Emily Stone",
1086,"Zsolt I. Lázár",
1088,"T. Suslo",
1090,"Bourgade Paul",
1091,"Mirco A. Mannucci",
1092,"Edward Hanna",
1093,"Stanko Vl. Shtrakov",
1094,"Stanko Shtrakov",
1095,"Jacek Michalski",
1102,"Petr R. Ivankov",
1103,"Kenneth R. Jackson",
1104,"Palle E. T. Jorgensen",
1105,"M. A. Herzog",
1106,"L. Mdlazi",
1107,"Tshilidzi Marwala",
1109,"Stefan Z. Stefanov",
1110,"Erhan Bayraktar",
1111,"Yu. Bunyak",
1115,"Loren Trigo",
1116,"U. Horst",
1117,"Frédéric Vignat",
1119,"Marianne Viallet",
1120,"Stefan Dirnstorfer",
1121,"Armen Bagdasaryan",
1122,"Sourabh Saha",
1124,"Claudiu-Florinel Bisu",
1125,"Katsutoshi Yoshida",
1126,"Hamed . O. Ghaffari",
1127,"T. Zorikov",
1128,"Sabu M. Thampi",
1129,"Rudolf Freund",
1130,"D. Mates",
1131,"Vikas Gupta",
1132,"Jian Yang",
1133,"Sangeeta Soni",
1134,"Majid Taghiloo",
1135,"Giorgio Bacci",
1136,"Jerome Feret",
1137,"Jean-Louis Giavitto",
1138,"Zyed Bouzarkouna",
1139,"Denis Vautrin",
1140,"Lucas Dias H. Sampaio",
1141,"Fei Wei",
1142,"Edmund K. Burke",
1143,"B. G. Kodge",
1144,"Hyungjun Jang",
1145,"Reshma. p",
1146,"Leonid A. Ostromuhov",
1147,"Jitesh Dundas",
1148,"K. R Seeja",
1149,"H. O. Ghaffari",
1150,"Simon K Layton",
1151,"A. Kucerova",
1152,"I. Boulkaibet",
1153,"Muhammad Mahbubur Rahman",
1154,"F. Penunuri",
1155,"Ziad G. Ghauch",
1156,"Kin Cheong Sou",
1157,"Alena Zemanová",
1158,"Ladislav Svoboda",
1160,"A. W. M.",
1162,"Maximiliano Barchiesi",
1163,"Amani Tahat",
1164,"R. P. Kramer",
1165,"Yuriy Ostapov",
1166,"Kim Gol",
1167,"Gol Kim",
1168,"Diego Fabregat-Traver",
1170,"Hisham A. H. Al-Khazali",
1172,"Romain Testylier",
1174,"Haibin Wang",
1175,"Rashmi Rameshwari",
1176,"R. Bahroun",
1177,"Suprativ Saha",
1179,"Tushar Rao",
1180,"H. Boyer",
1182,"F. Garde",
1183,"A. J. P. Lauret",
1184,"L. Adelard",
1185,"T. Ghosh",
1186,"Ali Hamada Fakra",
1187,"Franck Lucas",
1189,"Harry Boyer",
1191,"Ted Soubdhan",
1192,"Yufei Han",
1193,"Tamal Ghosh",
1197,"Thierry Berthomieu",
1198,"Laetitia Adelard",
1200,"François Garde",
1202,"Antoine Karam",
1203,"Natalia V. Pavlova",
1204,"Istvan Miklos",
1206,"F. Gubarev",
1207,"Taha Hassan",
1208,"Tommaso Urli",
1209,"Harimalala Razanamanampisoa",
1210,"Galina Sherman",
1211,"Adrian Adewunmi",
1212,"Ion Petre",
1213,"Plamen L. Simeonov",
1214,"Utkarsh R. Patel",
1215,"Xiaolin Wang",
1217,"Stephanie Foan",
1218,"Peer-Olaf Siebers",
1219,"Mazlina Abdul Majid",
1220,"Yihui Liu",
1221,"Grazziela P. Figueredo",
1222,"Christopher M. Roadknight",
1223,"Piero Triverio",
1224,"Alexandru Cioaca",
1225,"Guoming Tang",
1226,"Mauricio González Avilés",
1228,"Sabyasachi Mukhopadhyay",
1229,"A. W. M. van Schijndel",
1232,"A. T. Vermeltfoort",
1233,"Jun-ichi Koga",
1234,"Saeed Vatankhah",
1235,"Chanda Panse",
1236,"Vena Pearl Bongolan",
1238,"F. Allen",
1239,Doreswamy,
1242,"Benjamin wilking",
1243,"Geetika Silakari Pandey",
1244,"Michal Beneš",
1245,"Nalika Ulapane",
1246,"Debadatta Dash",
1247,"Nadia Otmani Benmehidi",
1248,"N. B. Melnikova",
1249,"Alexei Botchkarev",
1250,"Md Pavel Mahmud",
1251,"Mahdi Moeini",
1252,"Hoai An Le Thi",
1254,"Mireille Bossy",
1255,"Nermina Zaimovic-Uzunovic",
1256,"Eldad Haber",
1257,"Pokkuluri Kiran Sree",
1258,"Yuhan Jia",
1259,"Christian Neuwirth",
1260,"Dipan Lal Shaw",
1262,"Seyed Basir Shariat Razavi",
1263,"Pavel Sakov",
1264,"Ynte Vanderhoydonc",
1266,"Abhijit Chandra",
1270,"Loc V. Tran",
1271,"Joe Alexandersen",
1272,"Dong Qiang",
1273,"Emre Biyikli",
1274,"Tehuan Chen",
1275,"Ahmadreza Baghaie",
1276,"Shixin Xú",
1277,"Adrian-Ioan Lita",
1278,"Vladimír Lukeš",
1279,"O. Mendoza-Trejo",
1280,"S. M. Vidanagamachchi",
1281,"Kyeong Soo Kim",
1282,"Stanislav Sysala",
1284,"A. Ukil",
1285,"Pierre Jehel",
1286,"S. Nayak",
1287,"Tom Crick",
1288,"Q. He",
1289,"Aristides T. Hatjimihail",
1290,"Páll Szilárd",
1291,"A. M. Brener",
1292,"Stephan C Kramer",
1293,"Qinran Hu",
1294,"Conrado Borraz-Sanchez",
1295,"Merly F. Tataro",
1296,"Marian G. Arada",
1297,"Brian P. Hanley",
1298,"René Heideklang",
1299,"Denis Oyaro",
1300,"Oleg Iliev",
1301,"Ehsan Fattahi",
1302,"Brian Drawert",
1303,"Muhibur Rasheed",
1304,"Nelson O. Ogbogu",
1306,"Mohamed Abuella",
1307,"Peetak Mitra",
1308,"G. S. Bhamra",
1309,"O. Rokoš",
1310,"Sergey V. Lemeshevsky",
1312,"Jarek Duda",
1313,"Maria Tirronen",
1314,"R. García-Bertrand",
1315,"Shahin Mohammadi",
1316,"Yoangel Torres",
1318,"Silvano Chialina",
1319,"Shiyin Zhong",
1320,"Hoang X. Nguyen",
1321,"Santhosh Kumar",
1322,"T. Le-Manh",
1323,"Rebecca E Morrison",
1324,"Carlos Leandro",
1325,"Tamal Datta Chaudhuri",
1326,"Tatiana P. Chernogorova",
1327,"M Abily",
1328,"Vivekanandan Balasubramanian",
1330,"Hussein Rappel",
1331,"Iryna Kononenko",
1332,"Yuehaw Khoo",
1333,"Fadime Bekmambetova",
1334,"Sergey Tarasenko",
1335,"Sebastian Ament",
1336,"Christoph Meier",
1337,"Anand Pratap Singh",
1338,"Yongxing Wang",
1339,"Oded Amir",
1340,"Lukasz Kaczmarczyk",
1341,"Ronald M. Caplan",
1342,"Anders Logg",
1343,"Zahur Ullah",
1344,"Christopher J. Vogl",
1345,"Thorben Casper",
1348,"Lars Kielhorn",
1349,"Behzad Ghanbarian",
1350,"Shobhit Jain",
1351,"J. B. Rutzmoser",
1352,"Matteo Gardini",
1353,"Maria Girardi",
1354,"Jiafeng Xu",
1356,"Huu Phuoc Bui",
1357,"Bjorn Gustavsen",
1358,"Mariusz Klimek",
1359,"Hui Liu",
1360,"Carlos Barrón-Romero",
1362,"Andreas Nold",
1364,"A. Greco",
1365,"Viwanou Hounkpati",
1366,"Jörg Schröder",
1367,"Roozbeh Rezakhani",
1368,"Chengxi Liu",
1369,"Xuyu Wang",
1370,"Timo Heister",
1371,"Rui Yao",
1372,"Martin Lints",
1373,"Teresa Portone",
1374,"Markus Höhnerbach",
1375,"N. K. Mapakshi",
1377,"Chijie Zhuang",
1378,"Ching-pei Lee",
1379,"MD Rokibul Hasan",
1380,"Jean Michel Sellier",
1381,"Wang Yong-Xian",
1382,"Pierluigi Gallo",
1383,"M. N. Gevorkyan",
1384,"Elia Merzari",
1385,"A. Farokhi Nejad",
1386,"Saeid Rasulkhani",
1387,"Tinghui Ouyang",
1388,"Snehanshu Saha",
1389,"John W. Peterson",
1390,"Nicholas C. Miller",
1391,"Kunal Puri",
1392,"Dalila Hamami",
1393,"Diogo Mariano Neto",
1394,"Valéry Wolff",
1395,"Swapnil Barmase",
1397,"Ivan Dokmanić",
1398,"Joaquim Gabarro",
1400,"Xinyue Zhang",
1401,"Pankaj K. Agarwal",
1402,"David Eppstein",
1403,"Nina Amenta",
1405,"Olivier Devillers",
1406,"Songrit Maneewongvatana",
1407,"Joseph O'Rourke",
1410,"Herve Bronnimann",
1415,"Erik D. Demaine",
1416,"Marshall Bern",
1417,"Jean-Daniel Boissonnat",
1422,"Alon Efrat",
1426,"Jeff Erickson",
1428,"David Bremner",
1430,"Michael Soss",
1433,"C. A. Duncan",
1434,"C. Erten",
1435,"Dan A. Spielman",
1437,"Lilian Buzer",
1439,"Esther M. Arkin",
1440,"Herbert Edelsbrunner",
1441,"Sariel Har-Peled",
1442,"Mirela Damian",
1445,"Amitabha Bagchi",
1446,"Vin de Silva",
1447,"Axel Simon",
1448,"Rina Panigrahy",
1452,"Manuel Abellanas",
1453,"David R. Wood",
1454,"Khaled Elbassioni",
1456,"Deepak Agarwal",
1458,"Martin Kutz",
1459,"Rajeev Motwani",
1460,"Jyh-Yang Wu",
1461,"Jeremy Carroll",
1463,"Rolf Klein",
1464,"Pierre Dehornoy",
1465,"Sheung-Hung Poon",
1467,"Qi Cheng",
1469,"Robert Connelly",
1472,"Martin Furer",
1473,"M. Abellanas",
1474,"M. H. van Emden",
1475,"Ming-Zhe Chen",
1477,"Josiah Carlson",
1478,"Yannis Bakopoulos",
1479,"Michael B. Dillencourt",
1480,"Guy Bunin",
1481,"Trung Nguyen",
1483,"Margenstern Maurice",
1484,"Otfried Cheong",
1485,"Boris Aronov",
1486,"Marc Glisse",
1487,"Prosenjit Bose",
1489,"Konstantin Rybnikov",
1490,"Hee-Kap Ahn",
1491,"J. Cardinal",
1492,"Dan Chen",
1493,"David Coeurjolly",
1496,"Colm O Dunlaing",
1498,"Pierre-François Marteau",
1499,"Frank Nielsen",
1500,"Mridul Aanjaneya",
