1,"John Medina",nisi@icloud.com,XEJ10UQI3EE,
2,"Kimberly Bean",leo@yahoo.net,XIM74CIM1WB,
3,"Michael Mathews",rutrum.justo@protonmail.org,UNK28KYL5AJ,
4,"Allegra Kelly",malesuada.fringilla@yahoo.edu,KSG78VJK8FH,
5,"Asher Kelley",turpis.non@google.net,LNL34JXK8XQ,
6,"Yeo Eaton",ultrices@aol.com,DTM70GJD2HH,
7,"Linda Drake",erat.vel@google.com,KSV42ZWW7XC,
8,"Ivor Jordan",ut.nulla@hotmail.ca,FVO90BET0HF,
9,"Austin Tyler",donec.tempus@outlook.net,GDB56ZGX8LC,
10,"Vernon Malone",venenatis.vel.faucibus@icloud.couk,MGE53FJG3EZ,
11,"Buckminster Henson",mauris@outlook.net,QRG17DST6KP,
12,"Luke Johnston",dolor.donec@outlook.edu,ZNV19LTW2EV,
13,"Felix Collins",sem.molestie@icloud.ca,NPH57EQQ1QY,
14,"Shaeleigh Ochoa",feugiat.tellus@outlook.couk,BYX55CCW3CE,
15,"Hedda Cook",pede.et@outlook.ca,CRK64JBX8EN,
16,"Portia Moon",dapibus.rutrum.justo@yahoo.org,VXR69SSG6KS,
17,"Bradley Burton",risus.nunc.ac@yahoo.com,DPX86UMU5OB,
18,"Lucas Howe",duis.elementum@outlook.edu,XXJ55KUO2SU,
19,"Summer Cohen",interdum.nunc@google.edu,FSW36UGR7FI,
20,"Callum Russo",id@outlook.edu,OPM08WER1DS,
21,"Ila Orr",non@hotmail.couk,IOQ94OUB9XO,
22,"Maxwell Hickman",velit.quisque@yahoo.com,KRD83WYC3VF,
23,"Robin Tillman",quam@google.net,YZX02GJX9QX,
24,"Erin Vazquez",at@icloud.org,QGM36EEM7EF,
25,"Mikayla Rosa",id@icloud.ca,JDK71FKM4KJ,
26,"Neil Gibbs",convallis.dolor.quisque@protonmail.edu,HMR67VDU0WG,
27,"Yael Chandler",sed@outlook.edu,CGY96XEC0OY,
28,"Scott Prince",lorem@protonmail.couk,JYO13GLU4TM,
29,"Ivor Eaton",et.magnis@aol.org,VPG15XFS2LS,
30,"Kiayada Mcclain",interdum.nunc.sollicitudin@icloud.edu,KCH52OVK4ED,
31,"Lara Haynes",ipsum@yahoo.com,AKU74MWW4FG,
32,"Mikayla Medina",venenatis.vel@protonmail.net,OMP43HSU4VF,
33,"Shellie Dejesus",vitae.purus@aol.couk,LBG71KCB3IW,
34,"Natalie Carver",donec.feugiat@protonmail.couk,SLX70UZQ4WB,
35,"Reese Ortega",odio.tristique@aol.net,RWE74SDU7JC,
36,"Miriam Thornton",mattis.velit.justo@outlook.couk,SMI26LOI0TG,
37,"Buckminster Diaz",facilisis@icloud.net,BXA10NCR2TA,
38,"Elaine Parrish",sem@outlook.couk,ZSS25RXI5VI,
39,"Noelani Armstrong",faucibus@yahoo.edu,BQC72IML4ZT,
40,"Germane Hudson",in@google.edu,GDJ35XBS9VM,
41,"Unity Wilcox",volutpat@protonmail.com,UDU25SRT9MO,
42,"Sigourney Salazar",non.sapien@google.com,YDK75PZO6FA,
43,"Deacon Fulton",erat.in@protonmail.ca,OWE73YXY3DE,
44,"Hyatt Sellers",nunc.mauris@protonmail.edu,VTV59CHH6HM,
45,"Regina Robinson",neque.sed@aol.edu,MRD26OMO9AP,
46,"Marah Leonard",dis.parturient.montes@hotmail.net,DBJ77XKW6WO,
47,"Fuller Kidd",ac.libero@icloud.ca,LNF98OXL1GH,
48,"Clark Woodward",cras.dolor@outlook.com,PQP57PRI3GG,
49,"Francesca Whitaker",maecenas.malesuada@outlook.com,HRP37IBC3KB,
50,"Jade Mcpherson",tempus.mauris@icloud.ca,PVU83ARV8BE,
51,"Simone Cohen",interdum@aol.net,LIX78XXR7AW,
52,"Hamish Chan",quisque.ornare.tortor@hotmail.couk,WYW55AJG0GT,
53,"Debra West",nunc.quis.arcu@aol.edu,RWE85GVX2PP,
54,"Hedda Bailey",tempor.diam.dictum@google.com,QGW52LLC4HC,
55,"Ignatius Henson",amet.lorem@aol.edu,OXR24QKF2WH,
56,"Neville Alvarado",integer.mollis.integer@outlook.couk,GCE87PET2SO,
57,"Adrian Powers",in@yahoo.com,HRQ84NFU2FV,
58,"Beatrice Mitchell",tempor@hotmail.ca,YPC33ZDN7RI,
59,"Eagan Hopper",mauris.id@aol.edu,FNU53IIB8IM,
60,"Sylvester Horne",aenean.eget.metus@aol.couk,VLG67NFD3IV,
61,"Axel Kemp",in.lobortis@hotmail.org,YDG30BCT7BJ,
62,"Eliana Gould",luctus.et@yahoo.org,TSD86AOD3NI,
63,"Orla Carson",tellus.sem@google.edu,SJO59KMU7ES,
64,"Rana Jefferson",tellus.lorem@hotmail.couk,TDM55IPS9MQ,
65,"Lael Frye",sodales.nisi.magna@protonmail.ca,POG74QWH8ZS,
66,"Imogene Valentine",varius.nam@icloud.org,XPS36XKX5CW,
67,"Vincent Bryan",turpis@icloud.net,HPJ25FMU8ON,
68,"Nevada Chan",orci.ut.sagittis@hotmail.ca,XSL55DXM1CM,
69,"Lewis Wise",massa@yahoo.couk,BHG75XFG8KL,
70,"Timon Swanson",nunc.sed.libero@hotmail.couk,CQH13PXV4TD,
71,"Griffith Sanford",nulla@icloud.net,PMW28NEJ5NI,
72,"Lance Carson",montes.nascetur.ridiculus@hotmail.ca,CKL90CWT3UV,
73,"Shelley Maynard",a.feugiat.tellus@protonmail.net,UXQ36IXJ3RU,
74,"Quinn Sharpe",non.enim@aol.com,OHC06WOG7CJ,
75,"Pandora Knight",a.enim.suspendisse@protonmail.com,EIP22MEL8VE,
76,"Robin Ramos",magna.nam@yahoo.edu,QFF25SQN6VE,
77,"Elmo Tate",in@outlook.net,XGW47TKV1JY,
78,"Constance Wilder",malesuada.malesuada.integer@google.couk,WVJ23VDW8FQ,
79,"Bree Raymond",in@google.ca,AEP41ROS7UZ,
80,"Bradley Bowers",dolor.sit.amet@yahoo.couk,QPI68UMD8XL,
81,"Nyssa Gray",nec.ante.blandit@outlook.couk,MTZ87WWJ1CR,
82,"Dara Dudley",gravida.non@google.couk,GVP78FAL7OQ,
83,"Aurelia Tillman",purus.duis.elementum@protonmail.org,MQQ21NWO1IO,
84,"Francis Mccarty",gravida.molestie@yahoo.ca,KID22FNT1GJ,
85,"Ferris Roberts",pellentesque.tincidunt@google.couk,JEE22HSO4JL,
86,"Jonah Lloyd",etiam.bibendum@aol.net,CBV71KQV6AC,
87,"Sara Decker",lacus.varius@aol.ca,AXQ88OXH2II,
88,"Quintessa Nash",ullamcorper.duis.at@protonmail.org,SLF45JRM4BS,
89,"Maia Clayton",elit.sed.consequat@outlook.com,CQY81CSH8UT,
90,"Elliott Pena",cursus.luctus@yahoo.couk,HVY75RIK3JO,
91,"Rahim Holcomb",turpis@outlook.net,PLQ82NRG5OF,
92,"Kieran Bauer",tincidunt.vehicula.risus@aol.com,BFB86ILQ8LR,
93,"Ramona Middleton",dui.fusce.aliquam@icloud.ca,QWC43IUZ3HQ,
94,"Martin Holder",lacus.pede.sagittis@outlook.couk,THT48YLF2QF,
95,"Dora Shelton",eu.odio@outlook.edu,HWV45TSI5UC,
96,"Keiko Ballard",pede@protonmail.edu,XIP28MGD3CK,
97,"Audrey Alford",risus.quis.diam@protonmail.com,BGE07WDR9SN,
98,"Azalia Franco",tortor.dictum@hotmail.com,EVB88LBP7CP,
99,"Hamish Osborn",odio.auctor.vitae@icloud.ca,JNR35DWZ4CG,
100,"Willow Whitley",penatibus.et@protonmail.edu,LXW81DTU6YP,
101,"Kenneth Walters",adipiscing.mauris.molestie@hotmail.net,EMS51UJT4QL,
102,"Belle Boyd",magna.duis@yahoo.org,NUE03UUF0FF,
103,"Maisie Marsh",vestibulum.neque@aol.couk,FXB35LTL2UU,
104,"Lars Farmer",diam.nunc.ullamcorper@hotmail.couk,VLD44NLY8WV,
105,"Yuli Franks",vestibulum.lorem@google.couk,OPD73CEQ6ZV,
106,"Mason Cline",donec.tincidunt@hotmail.couk,RXC56POR6VD,
107,"Eve Sampson",curabitur.dictum@aol.couk,PFI05BFO6BM,
108,"Christen Wilkinson",cursus@icloud.edu,OUP08KRB8WT,
109,"Griffin Brennan",dapibus.id@google.org,KIK92DPL7AH,
110,"Kasimir Murray",pede@protonmail.couk,ZPL71TPE3NI,
111,"Iona Orr",et.pede@aol.com,HQB78NWP3YP,
112,"Addison Mccall",ullamcorper.viverra@outlook.edu,MYO58WGI6KP,
113,"Inga Stephens",sodales.elit.erat@protonmail.ca,KNT36TQX9NV,
114,"Rhonda Ware",mauris@yahoo.org,LTN51XLQ8YU,
115,"Maggie Mckay",ante.ipsum@outlook.ca,UYP35GSM5SP,
116,"Brady Velasquez",blandit@yahoo.com,BYE87DUU3VO,
117,"Hop Garcia",feugiat.metus@outlook.org,YXT89EWN9SF,
118,"Amber Maddox",metus.aenean@aol.edu,AFN64CAF8QS,
119,"Garth O'brien",aliquet@yahoo.ca,MDK93KHC8PM,
120,"Edan Hooper",sem.elit@protonmail.edu,TNY38QPF3QA,
121,"Amaya Fry",phasellus.vitae.mauris@google.org,KTI96OXU2WD,
122,"MacKensie Boyle",magnis@google.org,PCE13PTV2GB,
123,"Quin Kirby",quam.elementum.at@icloud.edu,KWW30ZXY9FF,
124,"Nelle Roy",duis.mi@google.ca,VIN05ZWL1PD,
125,"Pamela Snow",sodales@icloud.couk,XDM82YGI3DB,
126,"Asher Cleveland",phasellus.elit@yahoo.com,PCR25PSY6TG,
127,"Dexter Booth",natoque.penatibus@yahoo.ca,YHH45OSQ0GV,
128,"Breanna Hoover",quis.accumsan@yahoo.org,ODC89IWN1RW,
129,"Fuller Fitzpatrick",eu.odio@protonmail.ca,SIT72XOJ6SV,
130,"Cedric Arnold",vivamus.euismod.urna@icloud.ca,JJM96TYT4IL,
131,"Jonas Lambert",amet.consectetuer@yahoo.ca,GOK72LMX4LM,
132,"Xanthus Henderson",vulputate.eu@yahoo.org,WNS77KCQ4XF,
133,"Edan Stephenson",auctor.non.feugiat@google.ca,TNQ86WSA5PF,
134,"David Boyd",sociis@hotmail.com,FEI68SSX9KP,
135,"Linus Todd",purus.gravida@outlook.com,HOF80UKC5LQ,
136,"Ora Camacho",tellus.faucibus@google.edu,GBQ45PYS7NC,
137,"Zephania Powers",massa.quisque@outlook.com,PUK58CNM1SQ,
138,"Karleigh Cortez",fusce.feugiat@protonmail.ca,SMV48MWF6WR,
139,"Brennan Wilkerson",imperdiet.erat.nonummy@icloud.com,IUC42PRG8SG,
140,"Daphne Golden",ipsum.dolor.sit@yahoo.com,DSQ11DSL3MZ,
141,"Ian Fuller",faucibus.leo@aol.couk,VSK18GUF3BQ,
142,"Gil Moses",aliquam@outlook.edu,KBC22GAW7VE,
143,"Jared Houston",sed.nulla@outlook.edu,KYW44TGH4KK,
144,"Shelley Joyce",id.magna.et@protonmail.com,HJB35PGP3LG,
145,"Camden Campos",quam.dignissim@yahoo.couk,ZWS12SYY4UE,
146,"Kato Peck",magna.nec@google.couk,XFB88WJT1DW,
147,"Stacy Tate",id.risus.quis@protonmail.org,GIW89DPD0BB,
148,"Macey Lane",ante@google.net,FBR64DYL2RQ,
149,"Lynn Ewing",nulla.facilisi@hotmail.com,MWG62SHT1ZT,
150,"Evangeline Hunt",lectus.rutrum@yahoo.com,KDX54EYM3QJ,
151,"Aimee Whitaker",fusce@aol.edu,TIO85HDL6LQ,
152,"Francis Johnston",dictum.augue@aol.couk,VDU31QGH1YR,
153,"Owen Shaw",malesuada.vel@hotmail.couk,OIN48PRO6II,
154,"Halla Duffy",dictum.eu@icloud.net,BXN59SFV4IW,
155,"Barclay Barnes",erat.in@outlook.couk,UMQ71ACD6QY,
156,"Dominique Elliott",lacinia.mattis@aol.couk,EAC81HCJ9EQ,
157,"Steven Sanders",ipsum@outlook.org,SGZ47ZJE2DI,
158,"Susan Shelton",enim@outlook.com,OGB22OFD6YS,
159,"Athena Reynolds",netus.et@protonmail.net,SQC60LWM2OX,
160,"Inez Hickman",dignissim.magna@yahoo.edu,NIW87NIV7RJ,
161,"Orla Aguirre",cras.vehicula@protonmail.edu,XLD48JJD3SF,
162,"Troy Palmer",magna@yahoo.com,OYF73UNX6CH,
163,"Kaye Martinez",vitae.nibh@protonmail.com,EGI84TRL7II,
164,"Violet Durham",nullam.feugiat@aol.couk,NMM85OQN0CJ,
165,"Raja Hanson",elit.fermentum@protonmail.ca,CNK37ODD7HR,
166,"Brent Warren",massa.mauris@outlook.com,BWM32KKO9YP,
167,"Kitra Wise",ut.pharetra.sed@icloud.couk,GSF89RGX9FK,
168,"Lucian Bates",arcu.nunc@protonmail.couk,ELD63ODV3UU,
169,"Veronica Stewart",tempus.scelerisque@yahoo.couk,BGW78TGE7BE,
170,"Marcia Lindsay",vehicula.risus@outlook.com,CEP92JDO1OJ,
171,"Irene Lindsay",velit.justo@icloud.couk,MBI65BDG7AY,
172,"Amery Salas",vestibulum@outlook.ca,PNJ88XTU4PJ,
173,"Samson Lee",maecenas.libero.est@aol.net,COZ03ONL0EK,
174,"Gretchen Duran",sed.tortor@google.com,HHH88KHC1MT,
175,"Sandra Schroeder",morbi@yahoo.org,TGB36LGF6YX,
176,"Christopher Jones",cras.dictum@protonmail.ca,CJK97GYX9OH,
177,"Yoshio Mcclure",vivamus.nisi.mauris@outlook.ca,WXS52XLT4RH,
178,"Genevieve Chase",cursus.nunc@protonmail.edu,YCK15UKH1BG,
179,"Lunea Mccormick",tempus@aol.couk,NPT32WII2BU,
180,"Driscoll Becker",nam.interdum@yahoo.edu,WVH37LRS6GS,
181,"Lareina Tillman",semper.nam@icloud.edu,KTH03RRE9TB,
182,"Isaiah Griffin",proin@outlook.edu,CUW24UHW6EZ,
183,"Brock Collins",dictum@aol.com,BLL77OXP4GP,
184,"Kamal Hunt",nam@hotmail.couk,PXP23UKP2CE,
185,"Hu Cervantes",convallis@outlook.couk,SBH87MSG8EW,
186,"Otto Bradford",in.lorem.donec@yahoo.couk,HAQ69WNY6ND,
187,"Emi Hickman",at@yahoo.ca,OGL64NTJ4YK,
188,"Ciara Vaughn",venenatis.lacus@hotmail.org,WEF32DBI7QD,
189,"Tarik Bowman",lacus@yahoo.edu,MHX07KAB3WQ,
190,"Michelle Byrd",ultricies.ligula.nullam@protonmail.edu,OHT48UBZ0KR,
191,"Melvin Farrell",mollis.vitae@hotmail.edu,IBC58KCL2SW,
192,"Imelda Mccray",habitant.morbi@protonmail.edu,SPY75SRD8HX,
193,"Dora French",elementum.purus@outlook.edu,CYT26PIR9QE,
194,"Skyler Frank",eros.nec@aol.ca,QGU44WMY8ZJ,
195,"Geoffrey White",lorem@protonmail.org,JON77KLV3EP,
196,"Dane Anderson",cras.interdum@google.ca,VMV84NWG7ZD,
197,"Mannix Dudley",pulvinar.arcu.et@hotmail.net,NAY36CJB6UM,
198,"Zeph Walsh",metus.aliquam@google.net,UGW26AQX4WX,
199,"Xenos Crosby",nibh.quisque@aol.org,OGK67JDJ1RD,
200,"Kirsten Fitzpatrick",sit.amet@hotmail.edu,WQM17NAD8LQ,
201,"Nomlanga Ferrell",ipsum.suspendisse.non@outlook.org,NZI13KXA8JH,
202,"Xander Maxwell",phasellus@protonmail.edu,KPT23HXJ4DU,
203,"Brendan Pittman",eu.euismod@outlook.org,KKE73VUD4XS,
204,"Wallace Horne",consequat.lectus@google.net,BXE64MCL6JX,
205,"Flynn Trevino",donec.est.mauris@hotmail.ca,NUG65YFX3JJ,
206,"Shannon Mullen",eleifend.egestas@outlook.edu,WBS93EBZ7LX,
207,"Blythe Armstrong",fringilla.cursus@protonmail.org,NFR47KPQ1EF,
208,"Judah Dotson",tempor@yahoo.edu,FHG61KTH2KX,
209,"Ryan Lester",donec.elementum@protonmail.com,MGO61JGT8RW,
210,"Keefe Price",ac.sem@google.net,VHE78SEG4CX,
211,"Flavia Quinn",magna.tellus@yahoo.ca,ZYP67ONS5JB,
212,"Charde Riggs",massa.vestibulum@yahoo.couk,YEN51RML5PR,
213,"Cairo Valencia",integer.sem.elit@google.org,IRK58QQO0MV,
214,"Ruth Decker",vehicula.aliquet@google.com,BYA06ROD7PI,
215,"Margaret Buckley",sed.libero@google.org,TQJ38TAQ8VV,
216,"Sonia Mills",vitae.risus@icloud.net,WWW17FHF4ML,
217,"Keefe Foster",ac.eleifend@protonmail.net,TMX72GJZ3RJ,
218,"Basia Monroe",vehicula.pellentesque@aol.net,IZF85ORQ4OW,
219,"Fitzgerald Humphrey",hendrerit@outlook.net,MLS56WWS6MY,
220,"Tucker Johnston",cras.sed@outlook.edu,UJJ62QTP4LT,
221,"Uma Mann",quam.quis@protonmail.org,GVI62VXH6ER,
222,"Wang Pierce",sit@hotmail.org,IVU45BFB1ND,
223,"Jackson Faulkner",felis.ullamcorper@google.com,XJQ26BNP2FC,
224,"Elliott Stokes",dolor.sit@protonmail.couk,CFN42FZL8FC,
225,"Emerald Gordon",nec.luctus@protonmail.com,OFH80TXF2HB,
226,"Colby Molina",at@aol.com,DUR61DWO2GP,
227,"Colorado Baxter",vestibulum.ante.ipsum@protonmail.net,QDE51CCX1SD,
228,"Cain Mcdonald",penatibus.et@icloud.ca,HOL51XID2RP,
229,"Quintessa Little",lobortis.mauris.suspendisse@protonmail.ca,FLK58EKA5NS,
230,"Alvin Bennett",parturient.montes@hotmail.ca,RKB32TKR8UL,
231,"Cyrus Kennedy",vestibulum.neque@hotmail.com,XLP95DIJ3CP,
232,"Callum Anderson",massa.integer@yahoo.couk,BIG51FDE4LT,
233,"Olivia Edwards",posuere.cubilia.curae@protonmail.ca,QQK82ZDN6NO,
234,"Gray Manning",nunc.sed.pede@yahoo.ca,LUQ97CXQ5LV,
235,"Kyla Osborne",tempus.eu.ligula@protonmail.com,QPP13WLJ4FT,
236,"Jacob Beach",arcu.vestibulum@outlook.couk,DVY58UHD7JK,
237,"Jessamine Ramirez",luctus.vulputate.nisi@protonmail.ca,FOA70GSB0CJ,
238,"Perry Chavez",lobortis@aol.ca,OHJ43HHV5ED,
239,"Patience Cline",arcu@aol.net,HOA51JXD7IZ,
240,"Clayton Stanley",dictum@yahoo.org,ESD91OQS2OD,
241,"Guy Goodwin",rutrum.eu@google.net,TNQ32YGX7MQ,
242,"Jerome Floyd",in.faucibus@icloud.org,AXU17QHG9JT,
243,"Quinlan Moore",augue.eu.tellus@aol.net,QUO80ENI8YO,
244,"Graham Mills",neque.nullam@icloud.net,CBL36UHV3WX,
245,"Bo Irwin",amet.metus.aliquam@aol.com,MBK15GNW9AG,
246,"Eleanor Finch",diam.lorem.auctor@aol.org,QKX58YTB1BA,
247,"Aimee Sheppard",metus.aenean@icloud.com,TGM36GDH6DG,
248,"Neve Hansen",eget.mollis@google.couk,UPR54WAC4FN,
249,"Emerson Henson",luctus@icloud.net,THJ53GFV7RX,
250,"Gail Combs",dapibus.ligula.aliquam@protonmail.edu,LEW56WFC2KK,
251,"Karly Le",tellus.nunc@google.couk,GST44DFB2NJ,
252,"Uriah Boone",gravida.mauris@icloud.com,GFG71MMW7EM,
253,"Stone Crane",vel.arcu.eu@protonmail.couk,XUC34UMZ3CH,
254,"Baker Wilder",risus.duis@outlook.org,OPJ63VHZ2VN,
255,"Warren Fletcher",faucibus.morbi.vehicula@outlook.ca,CRP18GSI4NJ,
256,"Wyatt Wade",massa.mauris@google.com,QGQ34PCL6IS,
257,"Lucian Mcmahon",vitae.purus@aol.couk,MXT79XMD6VJ,
258,"Eleanor Rose",tempus.risus@icloud.net,HLC91WXL6RW,
259,"Elmo Cherry",phasellus.dapibus@icloud.edu,QDZ01QFW8DQ,
260,"Zeph Herring",rutrum@aol.couk,OQH55NUL7TN,
261,"Lionel Sharp",mi.enim.condimentum@aol.org,JST54ZKV1RP,
262,"Todd Phelps",augue.porttitor@google.org,MSD32EXA1FQ,
263,"Cooper Workman",ut@protonmail.org,BIN42MAO5GN,
264,"Maya Hale",non.leo.vivamus@protonmail.ca,WCG57MRU1VX,
265,"Michael Zamora",velit.quisque.varius@icloud.couk,BQL24DIK3JE,
266,"Logan Harvey",curae.donec@hotmail.edu,OPS31TVP6MU,
267,"Daniel House",dictum.eu.placerat@icloud.edu,KJJ74QIB7WS,
268,"Ronan George",sodales.at.velit@yahoo.edu,SVC12VUH6YU,
269,"Hanae Noel",convallis.erat.eget@aol.net,VBU12WEU8GC,
270,"Samuel Mcmahon",ad.litora@google.couk,KNJ26TQK2ID,
271,"Quail Fulton",lorem.ipsum@google.ca,XHK77HYX3ML,
272,"Freya Hurley",nullam.feugiat.placerat@hotmail.org,OCW87GPN1YS,
273,"Amaya Douglas",a.odio@hotmail.ca,TCB25UHC6XL,
274,"Nicholas Lee",donec@aol.org,MVF68WKN4JA,
275,"Britanney Mcmillan",nisi.mauris.nulla@yahoo.org,ZXY16IPO7DH,
276,"Shad Garrison",lectus.quis.massa@aol.couk,XHT22UQY9KT,
277,"Laurel Castillo",nisi.nibh@outlook.net,JCF97EIQ7AH,
278,"Xena Fulton",egestas@yahoo.edu,CWU97NJE7VG,
279,"Hayden Schmidt",integer.vitae@google.org,YFQ52JAS7TX,
280,"Freya Rose",nec@icloud.org,HGG06YXT5GH,
281,"Leonard Campbell",eleifend.cras@yahoo.com,MDG53UPO7YC,
282,"Elaine Harper",eu.nibh@outlook.couk,RAK75ETA1KK,
283,"Willow Olsen",risus.in@google.net,JIZ32HDW7XD,
284,"Scott Heath",non.lobortis.quis@aol.couk,FRE31NKI1DX,
285,"Tiger Barrera",nulla.tincidunt@yahoo.couk,ZHQ56YNU7VF,
286,"TaShya Blankenship",convallis.ante@yahoo.couk,QDG61BCC2HH,
287,"Mira O'brien",convallis.dolor.quisque@protonmail.net,LKR06VLB2OM,
288,"Cora Morris",interdum.nunc.sollicitudin@hotmail.org,KEM24AFU0MB,
289,"Burton Bonner",a.malesuada@icloud.org,FJB62XTP8VC,
290,"Faith Perkins",justo.faucibus@google.org,SVL69NVL7BI,
291,"Akeem Guerrero",fringilla.porttitor.vulputate@hotmail.couk,KIG25AMO5RL,
292,"Fletcher Guerrero",lectus.cum@aol.edu,TBT36SHP8XI,
293,"Veronica James",dolor.quam@protonmail.com,FIE05AXH7XX,
294,"Alisa Merritt",et.malesuada.fames@google.org,WCQ04WFD9XB,
295,"Geoffrey Shaffer",lacus.quisque@hotmail.org,VSH04JRR5GO,
296,"Jermaine Kennedy",sollicitudin@icloud.edu,BNI46HDK4MB,
297,"Abdul Chandler",duis.ac@google.ca,QPY91YBE3QC,
298,"Lysandra Kirkland",vivamus.nisi.mauris@yahoo.edu,IRJ61WHY8SJ,
299,"Samantha Walton",hendrerit@google.org,CBW39RCT1HG,
300,"Mallory Herrera",gravida.sagittis.duis@outlook.net,ZUP14DUU8QG,
301,"Dana Walters",vel.pede@icloud.edu,FHX37JTF4PE,
302,"Kellie Roach",vel.venenatis@hotmail.net,OQO40UPZ6RO,
303,"Jolie Carr",orci.ut.sagittis@protonmail.net,KSP92WCX7PY,
304,"Candace Moreno",diam@outlook.edu,OYL64BED5CP,
305,"Hedy Mann",ultrices.vivamus@icloud.net,VNE44YEM7JP,
306,"Coby Morrison",mi@google.ca,JCB64XCX5JT,
307,"Reese Gentry",tortor.nibh@yahoo.net,IYT50QEL4NR,
308,"Audra Hodge",netus.et@outlook.org,YXC18RMV2HA,
309,"Noelle Schultz",egestas.a.dui@yahoo.net,HOS73RMB7BV,
310,"Rebekah Robles",sed.pede@yahoo.com,QGN68FKM3QK,
311,"Nita Randolph",mi.eleifend.egestas@hotmail.edu,JNA57CWD3XS,
312,"Martha Rowe",conubia.nostra@icloud.net,SCT94JOL4OL,
313,"Vivian Joyner",molestie.dapibus.ligula@hotmail.com,IRE71EAI4DG,
314,"Camille Potter",justo@icloud.edu,IFH61VKW5JP,
315,"Mannix Alston",aliquet@google.org,FIZ93HOZ7DC,
316,"Shelly Berry",eros.non@hotmail.ca,JFS69RUF8FD,
317,"Athena Browning",vivamus.nibh@protonmail.org,CGH54HXS7TO,
318,"Chanda Meyers",nisi.magna@outlook.ca,UTV27HVH7TS,
319,"Barbara Hogan",varius.et@google.edu,CQW12VVB3FX,
320,"Blythe Dunn",diam@icloud.com,LTB18TSB3JO,
321,"Uriah Warner",vehicula.aliquet.libero@hotmail.edu,CUY59KKA8YY,
322,"Oren Weber",ullamcorper.duis@yahoo.net,KXE61ICC4AV,
323,"Patrick Bentley",sit.amet.dapibus@icloud.edu,LWN51HRK3HV,
324,"Halee Chaney",non.lorem.vitae@hotmail.com,NLK17HBP2HL,
325,"Roary Brown",nec.urna@google.com,PSY73DUW6OD,
326,"Darryl Harrell",nascetur.ridiculus.mus@icloud.ca,VTT20ZKN8LE,
327,"Francis Dejesus",tincidunt.tempus@hotmail.com,JGQ17VIG0BH,
328,"Virginia Elliott",eros.proin@protonmail.ca,SXP74LVW8FP,
329,"Heather Chaney",et.magnis@hotmail.net,WQA07KND5PK,
330,"Ulla Foster",vitae.nibh.donec@protonmail.edu,TOP39XOE5BY,
331,"Mohammad Herrera",habitant.morbi@aol.couk,YUT21USC4FL,
332,"Jaden Finley",orci.luctus@icloud.net,YQU77UTM1CX,
333,"Gary Head",malesuada.integer@icloud.couk,SSL97REO9PQ,
334,"Candace Cooke",auctor.quis@google.edu,MLJ18PQH2UC,
335,"Ulric Ashley",ut@aol.ca,LSF12MJQ1UW,
336,"Victoria Ward",amet.lorem.semper@protonmail.ca,OOH26HHC3AS,
337,"Chandler Rios",odio.sagittis@hotmail.couk,XVB74ITI3NN,
338,"Garth Mcfadden",a@yahoo.net,IDF17WSC8QH,
339,"Willa Evans",natoque.penatibus@yahoo.couk,BIN87DTN4TU,
340,"Raya Robbins",aliquam.nisl.nulla@hotmail.couk,CNB32NYU8XV,
341,"Molly Becker",tincidunt.dui@google.edu,IKF23SJV5YB,
342,"Ivor Macdonald",convallis@yahoo.org,GCJ76CFY6RD,
343,"Lani Mckee",massa.integer.vitae@outlook.com,SLK61RDJ4BY,
344,"Finn Hampton",at@icloud.ca,GXF99TVC1NN,
345,"Lara Small",molestie.pharetra@aol.org,FGQ85CPA1GE,
346,"Barclay O'brien",ultricies.sem@protonmail.ca,RSN16GTE9NZ,
347,"Madeline Potts",quisque.purus.sapien@yahoo.ca,UHE81RJM0DF,
348,"Sara Snider",senectus.et.netus@outlook.org,OTP62KDK3TO,
349,"Montana Conley",vestibulum.ut@hotmail.edu,JQU38NIS9UE,
350,"Ezekiel Clemons",pellentesque.ultricies@outlook.org,ZEX99CJZ5JH,
351,"Otto Sandoval",sit.amet@google.org,NXN57BFM0HP,
352,"Cyrus Estrada",metus.vitae.velit@icloud.edu,RXD46XWM8UL,
353,"Jesse Phelps",lobortis@yahoo.ca,WZC50GJT6WS,
354,"Nola O'donnell",tellus.faucibus@yahoo.couk,YWO27IBZ1RF,
355,"Whoopi Quinn",lacinia.at@icloud.com,IVW65SXF6OS,
356,"Robert May",amet@protonmail.ca,YJC11IOI7OA,
357,"Ryan Cochran",fusce.dolor@hotmail.couk,UGB81CCZ1GP,
358,"Yeo Contreras",pharetra.sed@protonmail.couk,QNI97EPI2MC,
359,"Brock Johns",fusce.diam@google.ca,ENB29TVM7HG,
360,"Inez Larsen",sapien.aenean.massa@protonmail.com,BEZ30MRH7IJ,
361,"Kato Langley",phasellus.dapibus@google.ca,LJM76SEN5XD,
362,"Virginia Slater",a.felis.ullamcorper@hotmail.org,YPJ32QBG3YB,
363,"Zorita Sanders",nec.ligula.consectetuer@hotmail.org,ULR10DXZ1OC,
364,"Beau Dudley",nulla.tempor@protonmail.net,IDV47GRG8RG,
365,"Chiquita Moses",lobortis.mauris.suspendisse@aol.com,WNA32UWY1TK,
366,"Hoyt Kerr",lectus.pede.ultrices@google.ca,FSR27DXP2JY,
367,"Joelle Dominguez",in.magna@google.ca,KHV53FBA0HQ,
368,"Brock Kline",nulla.cras@icloud.ca,JNU75KWG9XY,
369,"Jacqueline Petty",facilisis.vitae@hotmail.net,XVP62MSY0VR,
370,"September Frazier",nulla.magna@icloud.ca,TTK74RHM7EC,
371,"Summer Lopez",augue.scelerisque@icloud.edu,KVW88CPS3WF,
372,"Kristen Huff",nunc.sed@yahoo.couk,RLQ91LNI9DI,
373,"Adele Booth",luctus.curabitur.egestas@hotmail.com,CKT15AHQ1GB,
374,"Petra Carr",lorem@hotmail.org,GCP23JTU3IF,
375,"Igor Travis",libero.lacus@protonmail.ca,EDY44HKL0HJ,
376,"Irma Branch",erat.eget@google.edu,BBH72OTE6LN,
377,"Imogene Gregory",vivamus.sit.amet@yahoo.net,MXU81GUV3CE,
378,"Jennifer Guerra",enim.sed@protonmail.couk,XWZ26NNQ0QX,
379,"Vernon Chang",nisi@yahoo.com,DPM16NKB6IY,
380,"Jelani Weaver",sed.turpis.nec@yahoo.couk,RXV81ZIB8OT,
381,"Alexander Coleman",donec@yahoo.com,ZYL30TYP3CX,
382,"Samantha Pearson",posuere.vulputate@outlook.net,GVE46JKV5OQ,
383,"Dai Shepherd",duis@protonmail.ca,DOL98ZFO2ZR,
384,"Emerald Dillard",malesuada.augue@hotmail.edu,XBL16MJN9TN,
385,"Ian Salinas",faucibus@yahoo.net,FKS40UGS7OF,
386,"Deirdre Mills",fermentum.fermentum.arcu@aol.edu,FFE41OJB3RL,
387,"Sandra Dunn",lacus.nulla@hotmail.couk,MLK23RCI4QE,
388,"Byron Ortiz",est@hotmail.net,QVA15OLC7DQ,
389,"Stone Garner",risus.donec@yahoo.net,HPY23BKR7OL,
390,"Forrest Wiley",risus@hotmail.net,TSB88RVU8SU,
391,"Drew Workman",non.enim@hotmail.org,HVE18CVY6CR,
392,"Lucas Watkins",non.enim@protonmail.org,NKR28GDB6TQ,
393,"Jaden Baldwin",diam@yahoo.edu,JKX38PYK8AP,
394,"Kato Boyer",varius.nam@google.org,DLP18IDB4WD,
395,"Geoffrey Cervantes",lacus@yahoo.couk,SVL26BXU4QO,
396,"Sasha Reese",pulvinar.arcu@google.edu,QLO82DPT7NP,
397,"Perry Hopkins",lacinia.vitae.sodales@google.com,QDQ22UGX4LH,
398,"Isabelle Macias",sed.molestie@yahoo.net,ESK57PIX3BO,
399,"Damon Dorsey",mi.ac.mattis@google.com,VWM12SQN7UV,
400,"Avram Paul",ipsum.cursus.vestibulum@aol.edu,EOJ36KLL7TM,
401,"Harding Salazar",blandit.congue@outlook.net,STC72BYQ0UD,
402,"Myles Alvarado",arcu.nunc@icloud.couk,DZN78TAM1EW,
403,"Yvette Dixon",nec.orci@yahoo.net,KDW31MFO6SY,
404,"Medge Key",sit.amet.faucibus@hotmail.com,FOI11ODK7FX,
405,"Fitzgerald Brock",accumsan@protonmail.org,MLT47PUV4BY,
406,"Jamal Fitzgerald",orci.lacus@hotmail.net,EJW93FOD3XG,
407,"Molly Landry",nunc.mauris@hotmail.couk,YFY87LLD1CA,
408,"Evan Gay",adipiscing.fringilla@hotmail.com,JDU28XSB2VY,
409,"Dennis Alford",curabitur.ut@protonmail.com,LNS29TUK9GV,
410,"Abraham Garcia",a@yahoo.ca,XAK34KJU3OJ,
411,"Quon Donaldson",urna@icloud.couk,SPW42ARW7RI,
412,"Porter Craig",donec.tempor@yahoo.couk,UGR75IGN5JY,
413,"Jocelyn Jefferson",sodales.mauris@aol.ca,OFE11PYB1HV,
414,"Keane Travis",magnis@yahoo.couk,GIB03RDB8EE,
415,"Amela Barnes",vulputate.mauris@yahoo.net,ZJY67POC9ZA,
416,"Kadeem Horton",amet@google.com,IOK19WPJ8PQ,
417,"Connor James",nunc.laoreet@icloud.org,STQ57QBE5XW,
418,"Janna Barnett",tincidunt@yahoo.edu,NEM91IUN4HP,
419,"Sasha Mcdonald",nunc.risus@outlook.ca,SBQ50UBF0KX,
420,"MacKensie Hunter",augue.eu@outlook.couk,TOK41IZY7MU,
421,"Ursa Pickett",sodales.nisi@outlook.couk,IVN97BNU7VK,
422,"Bo Marsh",rutrum@protonmail.edu,JHJ32HNT5YO,
423,"Hayden Durham",ullamcorper.nisl@google.net,SMI68XWU3NG,
424,"Kato Floyd",quam.quis.diam@google.couk,BJG67NCZ4NY,
425,"Donna Hudson",pretium@aol.edu,PJR71MTK2TE,
426,"Connor Hughes",dolor.dolor@protonmail.edu,OGP91NOY4FQ,
427,"Carson Foreman",luctus.aliquet@protonmail.ca,TCV87WTE3QE,
428,"Kyra Boyd",nonummy.ultricies.ornare@google.com,RMD33MZL7BY,
429,"Dominic Hoover",auctor.mauris@icloud.net,TLE98QNL3HZ,
430,"Lareina Clark",curabitur.egestas@outlook.couk,ILW87XKE5XN,
431,"Kalia Dickerson",tellus.justo.sit@hotmail.org,KFP14AMC2KP,
432,"Brian Potter",id@protonmail.ca,VWR42DQM3PF,
433,"Lael Richards",sapien@yahoo.edu,FXN61UBP3JV,
434,"Shelly Montgomery",quisque.nonummy@protonmail.ca,JBG61LHL5OT,
435,"Naida Briggs",magna.tellus@icloud.edu,LTB28PUA6NY,
436,"Lisandra Fitzgerald",orci.tincidunt@icloud.net,VKM06AFM5FT,
437,"Rebecca Butler",fermentum.arcu.vestibulum@aol.com,YWT46REX5EF,
438,"Hayfa Frederick",porttitor.interdum@google.ca,NFI53DHT9NK,
439,"Connor Roberts",eleifend.nunc@yahoo.couk,NZK91HUF4OU,
440,"Madeline Sampson",ridiculus.mus@icloud.ca,PMH50TNP4GG,
441,"Amber Atkins",orci.lobortis@icloud.couk,QYB67YDR7UQ,
442,"Bruce Elliott",ipsum.donec@aol.com,ROS81OCA1MJ,
443,"Leigh Alvarez",lorem@icloud.edu,LUT78UMC0KK,
444,"Tanek Harper",pede.nunc@outlook.couk,NFV95GQF4DJ,
445,"Vielka Valencia",per@aol.couk,KQF33GUS9GE,
446,"Hayley Love",eros.turpis@protonmail.org,CJR29MOZ1BP,
447,"Elliott Moore",posuere.at@aol.com,UVE73DCT4IT,
448,"Halee Mckinney",ut.mi@hotmail.edu,RLB25EHN0CO,
449,"Nathan Ray",vel.turpis@hotmail.edu,NQA78JKD0XF,
450,"Leroy Howard",arcu.imperdiet@aol.edu,BFI33SXN2WB,
451,"Regina Rowe",sed@outlook.couk,JHW27PQW3RB,
452,"Bo Mclaughlin",iaculis.lacus@icloud.com,MPH42WHX9CR,
453,"Igor Pierce",iaculis.enim.sit@protonmail.org,TLQ55HUT1DQ,
454,"Herrod Cash",pharetra.felis@google.couk,XLU90NVH5HE,
455,"William Douglas",est.ac.mattis@yahoo.edu,ZNS52RFJ4CM,
456,"Noble Koch",at.arcu.vestibulum@protonmail.ca,ZTR27PEX6XB,
457,"Clayton Haney",suspendisse.non@aol.ca,KHS38EBU4PS,
458,"Cassady Ball",facilisis.suspendisse@protonmail.org,TJJ26QJR6LE,
459,"Fallon Doyle",taciti.sociosqu@google.com,FTV41ULU8DR,
460,"Venus Juarez",facilisis.suspendisse.commodo@google.net,YYI45JMW6HU,
461,"Carol Sampson",augue.scelerisque@google.couk,SWM54CTW4VX,
462,"Isaiah Torres",risus.duis.a@protonmail.net,DUH51UXC3XE,
463,"Lance Glenn",cum.sociis@google.net,TRJ44ABI3TN,
464,"Mallory Daugherty",mi.felis.adipiscing@icloud.org,IAK03XOL2FW,
465,"Jillian Dillard",ullamcorper.magna.sed@icloud.com,VNG59KDI1FT,
466,"Uma Calderon",mattis.integer@google.ca,QAN07XYY5PH,
467,"Ursa Frazier",pellentesque.ut@hotmail.org,ITM18LEF4WW,
468,"Boris Olson",dolor@outlook.ca,OJX91EGY2NM,
469,"Cooper Travis",quis.pede@icloud.org,KCX29OSH2FS,
470,"Hope Thompson",class.aptent.taciti@google.ca,PDV62QTW2RX,
471,"Ferris Puckett",congue@google.ca,KHK88BFM7LI,
472,"Anika Nguyen",purus.sapien.gravida@outlook.ca,MBY82COE2IV,
473,"Austin Wilkerson",sem.nulla.interdum@protonmail.org,JQW51NJT8NO,
474,"Madeline Bernard",integer.in.magna@hotmail.net,KJG91HSH2KH,
475,"Trevor Fowler",duis@hotmail.couk,EDG81JAB1HK,
476,"Reed Fleming",ut@yahoo.org,OPY24IHY1KD,
477,"Sean Torres",cursus.a@hotmail.com,BEI71EFF8BF,
478,"Skyler Reeves",in.lobortis.tellus@hotmail.com,WYL59NCI7UC,
479,"Jasper Graham",dictum.eu.placerat@outlook.com,GBJ51TSM6WJ,
480,"Brianna Trevino",condimentum.eget@hotmail.org,TIX72JTS5TI,
481,"Paula Herring",nibh.quisque@icloud.com,JAX76RWX4HT,
482,"Jaquelyn Perry",ac.turpis.egestas@outlook.couk,IVI78PTI6EO,
483,"Cairo Bryan",vitae.mauris@protonmail.edu,YSM04FTU7PF,
484,"Nichole Mcmahon",eu.elit@icloud.ca,VQM86TIP0VM,
485,"Simone Roman",quis@protonmail.net,VNS84LFZ1AM,
486,"Alfonso Lang",libero@hotmail.ca,QKQ77KRQ7IF,
487,"Chanda Valentine",tellus.id@hotmail.org,DUM67BWJ0AJ,
488,"Kirk Moore",orci@aol.ca,DVN39QRQ7FF,
489,"Alexandra Wood",arcu.vestibulum@protonmail.couk,DPZ70NPT3OG,
490,"Ashton Benson",augue@outlook.couk,OVE70XYV3CV,
491,"Tad Lane",eu.nibh@hotmail.edu,PQX57ENY2YB,
492,"Zorita Lindsay",dolor.tempus@google.ca,BMI87SVZ6CF,
493,"Carolyn Vasquez",integer@aol.ca,GHE67WMQ0FE,
494,"Craig Hayes",mauris@protonmail.com,TAV93ASC9OC,
495,"Vincent Oneal",dui.augue@outlook.org,XHJ14WUJ2HL,
496,"Melvin Torres",feugiat.metus@protonmail.org,KGI67DXS2FN,
497,"Honorato Hinton",proin.nisl@hotmail.couk,QMO04ABM7HD,
498,"Darryl Guy",arcu.vestibulum@google.edu,OVW93FBK8DO,
499,"Hu Whitehead",adipiscing.elit@aol.org,RIJ35BNU4CS,
500,"Marsden Sanders",mauris.integer.sem@outlook.couk,RCO85QJU4HN,
501,"Teagan Rogers",neque.tellus@icloud.net,NVG80ATQ3JB,
502,"Zoe Williamson",malesuada.id.erat@yahoo.couk,MKR81CKD5HI,
503,"Lana Luna",non@icloud.couk,MLU17LYF1LD,
504,"Alexis Levine",lectus@yahoo.ca,KFK51VYY4CN,
505,"Wynter James",tincidunt.dui.augue@aol.edu,PMF43DVS9GK,
506,"Callum Mayo",nullam.scelerisque@aol.ca,JMK71OYB3LU,
507,"Carolyn Brock",turpis.egestas@protonmail.org,HCI96SPY8QC,
508,"James Waller",lacinia.mattis@hotmail.edu,GYG16YEC3CC,
509,"Cooper Snider",vitae.aliquam.eros@google.com,GSD78JJX1EV,
510,"Daquan Nguyen",eu.metus@yahoo.couk,JRD48UGY1OE,
511,"Blaze Macdonald",fringilla@hotmail.org,QDR25IEF8KW,
512,"Noble Paul",dui@outlook.edu,DGM53YEO0NT,
513,"Yoko Fuller",mauris.vestibulum@aol.couk,QXP54NGD9LD,
514,"MacKenzie Valdez",aliquam@aol.com,QOB14TPM4NP,
515,"Colette Odom",vestibulum.massa.rutrum@yahoo.org,HCL72ULH1HC,
516,"Levi Barrera",tempus.non.lacinia@google.ca,HFV31RBQ6SL,
517,"Georgia Clarke",sagittis.duis@protonmail.net,TEQ75QWW3BD,
518,"Fulton Peterson",tempor@protonmail.com,GTH84SSP5JP,
519,"Cade Oneil",amet@icloud.net,LGS25INF7XT,
520,"September Kirkland",semper.rutrum@aol.org,JWF34MRF2DM,
521,"Ina Franklin",donec@google.net,YFY23TBM8YG,
522,"Indira Mcdonald",nulla@aol.ca,IOC74MYA7HO,
523,"Naida Hoffman",curabitur.egestas@hotmail.com,YGN56VSW6OE,
524,"Garrison Briggs",et.eros@aol.org,LWS73NMX3UI,
525,"Dylan Douglas",non@protonmail.ca,IUT16MID1HJ,
526,"Lilah Newton",ipsum.suspendisse.sagittis@aol.org,XEZ13LFA3CR,
527,"Elvis Weiss",ullamcorper.eu@outlook.ca,QFI39QBX2PH,
528,"Zane Patterson",nunc.nulla@protonmail.ca,JOD40MUQ6RA,
529,"Belle Hall",velit.aliquam@aol.com,DWC12TFV7CX,
530,"Odessa Parker",fames@yahoo.net,TUK63VKN8PK,
531,"Virginia Le",curae.donec@yahoo.couk,RUO89FDE8GT,
532,"Blythe Meyer",eu.placerat@aol.edu,CVD55VFF4NO,
533,"Jenna Hebert",congue.a.aliquet@yahoo.org,XAW66DHK4JS,
534,"Xavier Gentry",diam.at.pretium@google.net,HCX85MIJ7VQ,
535,"Jackson Vasquez",tempor.lorem@google.ca,JKG35POO1NQ,
536,"Mufutau Bird",est@protonmail.couk,VCB10OLE3KB,
537,"Marvin Shaffer",cursus.non@outlook.org,EPB55LJY6IN,
538,"Clayton Howell",pellentesque.sed@google.com,MPP22UOC4RS,
539,"Lucius Burns",sed.sem@yahoo.couk,YAZ07WOE2DY,
540,"Brett Parks",nulla.in@hotmail.couk,NNK46RGP7WR,
541,"Sharon Gamble",sit.amet@yahoo.couk,OTC25QNK3OP,
542,"Leo Stephens",imperdiet@aol.ca,CZR36RUN4BN,
543,"Vivien Burks",dolor.dapibus.gravida@aol.org,MCB81WDV2PL,
544,"Pandora Fleming",nibh@protonmail.org,JDT18DQO4EM,
545,"Helen Bennett",conubia@icloud.org,PBS77BFK6KS,
546,"Dexter Perry",at@outlook.ca,YHM84OJM1CU,
547,"Tyrone Mendoza",turpis.non@hotmail.com,MHS85JXU3HW,
548,"Kenyon Gay",nec.eleifend@google.ca,TAO09YHS6KB,
549,"Neil Coffey",gravida@aol.org,DZU14XUO1XV,
550,"Hamilton Fleming",fusce.aliquam@yahoo.com,KAS31DEM7CH,
551,"Celeste Craft",vitae@outlook.com,GYB74SHZ5ET,
552,"Kelsie Salazar",metus.aenean@icloud.org,YRQ21LRV0HA,
553,"Fuller Tran",posuere.vulputate@aol.net,LOS94FXZ9XV,
554,"Destiny Noble",ornare@yahoo.org,BUG71YOH9LQ,
555,"Sydney Mitchell",vel.vulputate@aol.net,TSF88DUX2YG,
556,"Kirsten Blanchard",suspendisse.dui@protonmail.couk,BQO54IFJ1QK,
557,"Odessa Buck",pede@aol.com,YMY53BTS7UK,
558,"Chancellor Collier",nisl.elementum@protonmail.edu,WUC76QVC9PI,
559,"Phoebe Atkins",enim.suspendisse@hotmail.org,SEG52ACI6XX,
560,"Brynn Bowen",nec.quam@protonmail.org,EEY43MQO6FZ,
561,"Adam Graves",purus@icloud.ca,PWT62HWH7JO,
562,"Ralph Marshall",urna.convallis.erat@google.com,LOC17EOB7XC,
563,"Sonya Ashley",mauris.rhoncus@yahoo.com,KBS08FOY5MV,
564,"Bo Buckner",augue.eu@hotmail.com,MZF65YEU1FY,
565,"Ciaran Winters",cubilia.curae.donec@hotmail.edu,MYJ61OTD6QF,
566,"Jael Bonner",ligula.donec.luctus@yahoo.couk,QOW58TJB8SO,
567,"Melvin Rivas",sapien.cras.dolor@aol.edu,VKI48RPQ1FW,
568,"Vance Mccullough",luctus.ipsum@aol.net,DUG85YBO0FE,
569,"Marcia Colon",ipsum.curabitur@icloud.com,DHM31VCS7AP,
570,"Uriah Alston",sit.amet@protonmail.org,MJJ84TDI2BO,
571,"Kasper Mclaughlin",nonummy.fusce@icloud.org,LPT05YEA0HO,
572,"Asher Terry",est.mauris@yahoo.ca,FDB95AMV3XT,
573,"Octavius Mcdaniel",sodales.elit@icloud.edu,JQT68FTU7GY,
574,"Fuller Gross",nec@protonmail.net,RWO39CAU1JF,
575,"Tamekah Harding",laoreet@yahoo.couk,OVE80FPE2HX,
576,"Kyla Hudson",velit.egestas@aol.com,NTP51PHH2TD,
577,"Amber Shields",eu.lacus.quisque@icloud.edu,MSG25DOF7WS,
578,"Oliver Preston",ipsum.dolor.sit@google.com,OJN62NIC8LY,
579,"Graham Walker",cras.eget@google.edu,XEM11DYR1SJ,
580,"Yoshi Mcknight",eu@google.net,PLI74MHJ2RS,
581,"Steel Craig",curabitur@google.edu,TYE25NUC8WS,
582,"Jin Gomez",arcu.et.pede@yahoo.edu,XDG82ARG1ON,
583,"Lars Owen",malesuada.malesuada.integer@protonmail.net,YMO37AEL8YE,
584,"Tanner Landry",augue.porttitor@icloud.edu,ERF24FOL3HQ,
585,"Alexa Warner",senectus.et@google.org,PSJ28HBR8SS,
586,"Priscilla Sandoval",libero.nec@protonmail.org,COI92OTM9LS,
587,"Mikayla Mccray",id.mollis@yahoo.couk,IQO65SEW4XN,
588,"Margaret Whitehead",ipsum@outlook.couk,AJM12MER7UI,
589,"Kenyon Brooks",consectetuer.adipiscing.elit@hotmail.org,XDC18XBI0MV,
590,"Driscoll Hahn",augue@outlook.com,DIF78NAQ5EX,
591,"Harriet Bright",id.nunc.interdum@icloud.com,EAI17YHC8RT,
592,"Aurelia Bond",est.arcu@hotmail.ca,ZKH17TGE0SQ,
593,"Roary Oliver",sit@protonmail.org,SED31KPU0LU,
594,"Dolan Harrell",fusce.mi.lorem@google.ca,LUZ15CCT3OD,
595,"Maryam Warren",phasellus.elit@hotmail.couk,GMB38WPL1CO,
596,"Gabriel Washington",mollis@icloud.com,BGY90TOL8TO,
597,"Lana Oneil",ultricies.ligula@yahoo.net,KIE24GDC7RU,
598,"Sacha Snow",elit.fermentum.risus@aol.net,XIF72JUV5DN,
599,"Graham Church",tempor.diam@aol.ca,GGK44SWF8PS,
600,"Benedict Short",et.euismod@hotmail.net,VXH32MEG1FV,
601,"Phelan Marks",cras.sed@google.edu,FKC47DOC2OY,
602,"Kane Durham",nunc.ut@hotmail.net,KKK08MGS8FB,
603,"Carly Maldonado",nec.ante@google.com,PMW35SDI9DK,
604,"Edward Mcintyre",sit.amet.consectetuer@google.org,BUU38QHE1UY,
605,"Joel Bright",molestie.in.tempus@aol.couk,MBP73NIN7NT,
606,"Xenos Hudson",ornare.tortor.at@yahoo.edu,GZU89JCC4PH,
607,"Kyle Acevedo",penatibus.et@protonmail.edu,GWS26KCB3JB,
608,"Leo Parrish",fermentum.metus@protonmail.com,HWV72UVR1JE,
609,"Caryn Delacruz",consequat.enim@protonmail.org,SXX08UCN3UJ,
610,"Prescott Herrera",non@aol.edu,MHG46HTJ8NP,
611,"Evan Allison",nisi.dictum@icloud.net,YPR83ZMZ6GH,
612,"Rafael Meyer",odio.tristique@aol.edu,XOC88VMH2BK,
613,"Halla Downs",nunc.ac@yahoo.couk,DKW32QPE1XW,
614,"Harlan Sosa",amet.nulla@yahoo.couk,OGL21JIV4KQ,
615,"Zia Holt",feugiat@yahoo.ca,SYV63HEO6IW,
616,"Emerald Mcneil",dui.lectus.rutrum@google.ca,WNP71DQW8YY,
617,"Brandon Alvarez",risus.morbi.metus@icloud.org,XMM16GJF7PP,
618,"Moana Whitaker",sem.pellentesque@protonmail.edu,EPR60HFX6MS,
619,"Davis Houston",sed.est.nunc@protonmail.edu,JSI40HRY4QV,
620,"Jayme Richard",ipsum.non@icloud.org,PGC14VPP1QM,
621,"Prescott Nieves",dictum@icloud.ca,LIH17UDN0DF,
622,"Unity Dickson",pretium.et@protonmail.net,WMB73UUS2TY,
623,"Patience Johnson",risus.morbi@aol.ca,GGB32XMG4QC,
624,"Hu Booth",vel.turpis.aliquam@protonmail.net,DAP96MVV1QH,
625,"Vaughan Flores",nec.tellus@aol.ca,UQI36RTL7UB,
626,"Eric Watkins",arcu@google.edu,KCK31BJP8SO,
627,"Clayton Dickson",mauris.quis@protonmail.org,NSX02TDV7KL,
628,"Lesley Hoffman",arcu.vestibulum.ante@outlook.couk,RPK08CHD3IL,
629,"Brock Malone",aliquet.sem@aol.org,DBP16FXX6HF,
630,"Andrew Mcknight",nonummy.ipsum@aol.ca,OVX72TMK7DA,
631,"Tamekah Riddle",neque.sed@aol.com,IZM07EVU5NN,
632,"Yvette Jenkins",vel.quam@aol.couk,LYM83QVF5YB,
633,"Samson Morin",semper.nam.tempor@google.edu,DXY37FIA0WQ,
634,"Grant Pratt",egestas.hendrerit@yahoo.com,SLX10BJG3PZ,
635,"Bert Burgess",odio.vel@aol.org,YEK82DKD7HZ,
636,"Jonah Burton",nulla.tincidunt.neque@aol.org,FOI37QIE2IL,
637,"Ciaran Cole",consequat.enim@google.net,FRO62YGS4ST,
638,"Tana Garner",non.cursus@outlook.com,WIO26LGA5BV,
639,"Emmanuel Ferguson",ac.orci@hotmail.net,MCJ17BED7KV,
640,"Sage Bright",arcu.et@hotmail.net,QVC54LBY7KS,
641,"Sybil Wise",ac@aol.org,JCC79SXM2QC,
642,"Harrison Booker",ornare@yahoo.org,XBY33WEL1PO,
643,"Ebony Douglas",in.condimentum.donec@google.net,WWG51CJD0JN,
644,"Zena Summers",pede.cum@aol.couk,LLE82RIP7XU,
645,"Alfonso Cooke",duis.a.mi@icloud.edu,UNP12PFD8LP,
646,"Cassady Moreno",pellentesque@protonmail.couk,WSS53FIR9KJ,
647,"Eagan Fletcher",proin.sed@yahoo.couk,EDN89JSS9EN,
648,"Norman Burnett",metus@outlook.net,ECK26TLN3UV,
649,"Kermit Sargent",egestas.a@hotmail.couk,HLE68VOP6XD,
650,"Murphy O'Neill",auctor.velit.aliquam@outlook.com,LFL21EPB8NS,
651,"Noelani Watts",etiam.imperdiet@google.org,YJD12RKF4SN,
652,"Hadley Camacho",feugiat.placerat.velit@icloud.net,QHP15LEF2NX,
653,"Freya Petersen",integer.in@outlook.net,TFQ72NJL2PF,
654,"Hadassah Bonner",ante.blandit.viverra@hotmail.org,WOU14TCY0OJ,
655,"Harding Cherry",pellentesque.sed.dictum@yahoo.ca,ZFS17TGE6OC,
656,"Christen Navarro",cras@yahoo.com,BNC81ZCK8OW,
657,"Unity Crane",scelerisque@icloud.edu,DRG11ENR2LG,
658,"Dustin Hardy",aliquam.adipiscing.lobortis@outlook.ca,EFL92FPZ5JU,
659,"Gil Duke",mi@protonmail.com,NTF23WPP8PN,
660,"Joelle Hyde",rhoncus@google.edu,NHW17NSY2LO,
661,"Jerry Cherry",nulla.interdum@hotmail.net,DQF41XUN5YS,
662,"Leo Gill",cursus.non@yahoo.org,FNV80FXD2FE,
663,"Althea Herman",a.scelerisque@protonmail.couk,EXD39HVM2TV,
664,"Kyra Watson",scelerisque.neque@hotmail.com,EJU46ELL3BW,
665,"Beatrice Lara",pharetra@icloud.ca,GJT69CKC1IC,
666,"Tatum Norton",auctor@outlook.ca,IWE61ILN4HD,
667,"Kelsey Wilkinson",dictum.magna.ut@protonmail.org,BNN02HGT6TN,
668,"Hanna Luna",morbi@protonmail.net,GPP63BYF4YP,
669,"Garrett York",fusce@hotmail.couk,XHJ62JBU4EP,
670,"Gail Evans",egestas.ligula.nullam@yahoo.com,UOV73OYO5AY,
671,"Omar Brennan",at@aol.edu,DKS04HTE2SS,
672,"Dai Kemp",auctor.non@google.ca,UMC90NHW2SE,
673,"Ria Joyce",egestas.blandit.nam@outlook.com,CBN12YHG4PC,
674,"Christen Matthews",quisque.nonummy@google.net,TLY84IHV5LR,
675,"Mark Beck",et@icloud.net,FQT24LSF1QB,
676,"Colorado Fisher",sed.neque@outlook.com,DVL82BBK3EJ,
677,"Blossom Cantrell",vivamus.sit@protonmail.net,OUV72FZR4MY,
678,"Darrel Hopper",libero@icloud.ca,ISI39XXB0SP,
679,"Veda Hines",nec.ante@aol.ca,HXR88QOC4VN,
680,"Macey Blake",cum.sociis.natoque@outlook.edu,LRA88KLQ1SD,
681,"Amelia Osborn",in.scelerisque.scelerisque@icloud.net,SGF44IJD6WG,
682,"Kenneth Mayo",dictum.cursus@yahoo.edu,NQX50FJR9SP,
683,"Adena Hale",elit.pretium@aol.ca,TFO71UGX5HC,
684,"Erin Sexton",aliquam.fringilla@google.com,WZE11PZZ6WT,
685,"Serena Mays",dictum.mi.ac@icloud.net,UQS65ECD2WV,
686,"Quon Duffy",purus.duis.elementum@aol.org,YPG58EWJ4FX,
687,"Wesley Woodward",purus.mauris@icloud.couk,TDB55DFU5SW,
688,"Basia Preston",ut.tincidunt@aol.org,DFR64FTM6MQ,
689,"Vera Bauer",vulputate.nisi@aol.org,FLC81VAH5BM,
690,"Cullen Mcgowan",in.dolor@hotmail.com,GOW36WBU0JV,
691,"Vaughan Atkinson",sed.dolor.fusce@aol.couk,PAU20BUE1NI,
692,"Aquila Pierce",non.justo.proin@protonmail.org,NHE32AIV6YI,
693,"Zephr Macdonald",quisque@yahoo.edu,YHS21SVW2CG,
694,"Lacy Browning",quisque@aol.ca,PXH72QDH3HC,
695,"Dawn Mitchell",ornare@icloud.ca,PNB97FEK6MD,
696,"Yoshi Mcpherson",suspendisse.sagittis@hotmail.com,QOW75MRX3UB,
697,"Nash Hahn",vitae.sodales@google.couk,LRS38MZI9BV,
698,"Jakeem Cooley",suscipit.nonummy.fusce@outlook.net,CBS41PWT1WW,
699,"Chester Brewer",nibh.donec@hotmail.org,KXL55UXC2PO,
700,"Knox Pickett",ipsum.primis.in@hotmail.couk,NHV23UUV9GM,
701,"Armando Cochran",neque.pellentesque@outlook.couk,GCZ60QYH8RJ,
702,"Fiona Castaneda",tincidunt.nibh@icloud.org,LYT28VUC2YG,
703,"Odessa Holmes",dictum.augue@outlook.org,FKN83ECV4ZW,
704,"Aladdin Rhodes",sagittis.duis.gravida@yahoo.ca,YSC33DIZ8BE,
705,"Vincent Hendrix",aliquet.proin@hotmail.couk,BPE66OPK8PT,
706,"Nichole Duke",velit.justo@outlook.net,JOP43DJC8EY,
707,"Colleen Downs",sem.pellentesque.ut@yahoo.net,TRD01HXS6LM,
708,"Byron Myers",lacinia@google.ca,EOA37GBH1OC,
709,"Jana Mccall",purus.sapien@outlook.org,LUY59ABB9AU,
710,"Elaine Glenn",dui.fusce@google.org,GLX31POJ2TE,
711,"Keiko Suarez",ridiculus.mus@icloud.couk,OLN88HXL9ME,
712,"Nero Joyce",pellentesque@yahoo.ca,KFW78PRY5NV,
713,"Ira Flynn",vitae@yahoo.ca,DDB12PMN3VG,
714,"Brooke Gill",malesuada.ut@hotmail.ca,RSB66IHN3PS,
715,"Fulton Hoover",orci.ut.semper@yahoo.org,SSK45SYX3XH,
716,"Riley Long",quis.massa.mauris@aol.net,IJQ65QTE7AS,
717,"Diana Solis",ornare.tortor@hotmail.net,RND37QBW5WP,
718,"Beatrice Mercado",nascetur.ridiculus@aol.ca,SSY52HMH1WW,
719,"Zachary Valencia",nunc.risus@outlook.com,WMN43QTQ9HB,
720,"Jacqueline Cameron",tincidunt.tempus@outlook.com,TBC50CAB1UT,
721,"Lamar Simon",sit.amet.dapibus@protonmail.edu,HNJ21YZH4SC,
722,"Eric Juarez",magna.nam.ligula@google.ca,YXQ95EUC5ES,
723,"Clayton Calhoun",euismod.enim@icloud.org,EYJ93NCW2OK,
724,"Evelyn Ware",at.pede@hotmail.com,SHH18HGV4HS,
725,"Noble Simpson",libero.morbi@yahoo.couk,XQU43IJC5YP,
726,"Connor Ryan",aliquet.odio@google.net,XUL10ODS2UZ,
727,"Todd Henderson",nec@hotmail.net,JPE63MET4MB,
728,"Rose Fischer",consequat@hotmail.org,HGH49DOJ5QC,
729,"Erasmus Ford",nunc@protonmail.couk,TYI11ASK7TF,
730,"Gwendolyn Calderon",rutrum@aol.net,EXT73PFX6FS,
731,"Herrod Mullen",iaculis@google.org,IER47ZVR6NF,
732,"Harper Barker",pharetra.sed@yahoo.org,KVI71LRC6DV,
733,"Halla Simmons",integer.vitae@outlook.edu,HMN16WWT3EC,
734,"Carol Pugh",convallis@aol.edu,KKZ14LGX5OE,
735,"Chelsea Mosley",sem.eget.massa@icloud.edu,QPY49GGB3HP,
736,"Winifred Payne",consectetuer.mauris.id@yahoo.edu,CEY11EFR5YD,
737,"Baxter Velez",nunc.pulvinar@protonmail.com,RIL43DKH5MA,
738,"Wallace Robinson",torquent.per@icloud.couk,KGV78MJV5ME,
739,"Anika Bonner",nunc.mauris@yahoo.ca,ROZ15QTM6KF,
740,"Joy Rush",ut.nisi.a@protonmail.edu,HHF40DJR5YF,
741,"Nyssa Donaldson",ac.libero@aol.couk,SKI35EUM9GS,
742,"Aspen Benjamin",phasellus.vitae@yahoo.couk,UTQ33HVD1DX,
743,"Xena Ellison",mi.lacinia@icloud.edu,RWM50BNC4PD,
744,"Ifeoma Ball",sagittis.augue@protonmail.com,CMJ26CSL7QV,
745,"Upton Cochran",cursus@protonmail.edu,MMR76EQQ5DO,
746,"Galvin Ellison",dapibus.rutrum.justo@outlook.edu,FLX13USB4GS,
747,"Tamara Calderon",eleifend@aol.org,RUV21CKL6IP,
748,"Ashely Daniels",vestibulum.lorem@hotmail.edu,ICJ11BNQ9WK,
749,"Fritz Freeman",in.condimentum@hotmail.ca,VBU70CAF1XK,
750,"Mohammad Erickson",lobortis@icloud.ca,XML26TFX9JN,
751,"Brielle Rocha",semper.egestas@icloud.ca,HVB22SDT8CN,
752,"Lucas Mcbride",cras.lorem.lorem@icloud.couk,DST54DAU2SX,
753,"Levi Dudley",penatibus.et@protonmail.edu,JDK11GUI1XQ,
754,"Aquila Riddle",feugiat@aol.edu,ZKN57LHR2PB,
755,"Lamar Stewart",auctor.ullamcorper@yahoo.couk,OUT86OIR0MV,
756,"Olga Clayton",proin.velit@protonmail.net,IUK38GOF2QU,
757,"Kirk James",leo.morbi@yahoo.ca,XTY56BKM2QS,
758,"Fulton Gallegos",lorem.vitae.odio@aol.org,RLD82QOQ4MH,
759,"Drew Berger",duis.cursus@yahoo.couk,GLB74NBX6UW,
760,"Maggy Cooper",primis.in.faucibus@protonmail.net,BHJ10ZTG8RM,
761,"Dante Bowman",eros.nam.consequat@hotmail.couk,DWS68OKC5VV,
762,"Hayfa Lang",eget@icloud.com,LBZ86JTN9CP,
763,"Daniel Foley",dignissim@outlook.com,CYG57YXE6PQ,
764,"Jordan Mitchell",magna@aol.com,JJS98BRC1LR,
765,"Sacha Puckett",nunc.in@google.couk,NNK75WGJ7WJ,
766,"Prescott Ramsey",diam@google.org,DST12LHU2CT,
767,"Clayton Jefferson",fermentum.arcu@hotmail.edu,OZI24MEW7PG,
768,"Serena Becker",eget.magna@icloud.edu,DWN82IVJ8EL,
769,"Halla Zamora",risus.donec@yahoo.ca,YBB24HDV4MY,
770,"Brianna Simpson",nec@outlook.couk,IOS34BIO6NU,
771,"Imelda Norris",aliquam.fringilla@aol.couk,PXN25KYE1DK,
772,"Wing Mcgee",nunc.interdum.feugiat@hotmail.ca,UTL38PDO5WX,
773,"Tucker Burch",sed.consequat.auctor@icloud.edu,UJE87QFI4QO,
774,"Patience Solomon",eu.placerat@hotmail.com,WYY44FHY9SQ,
775,"Kimberly Velazquez",a@yahoo.edu,KZX16TFP3TR,
776,"Zorita Wilson",sapien.cras@google.ca,HOY52NNO0AZ,
777,"Ezekiel Alvarez",varius.orci@aol.ca,NKT88OGC1CB,
778,"Prescott Hull",dolor.sit@aol.org,JVJ44NGS1RB,
779,"Abdul Elliott",erat.volutpat.nulla@icloud.net,LKI12VUL9NE,
780,"Craig Fuller",gravida@yahoo.ca,MJP80PDH7FR,
781,"Delilah Keller",at@hotmail.edu,FLD43EJT7PD,
782,"Yvonne Cortez",tincidunt.donec.vitae@outlook.ca,PLB02TBF7DP,
783,"Melvin Armstrong",dolor.elit@google.net,DQM43IJK1SW,
784,"Ruth Campbell",sem.ut.cursus@outlook.couk,CRK28UBA2JY,
785,"Alice Duffy",sed@aol.net,CNL42GGB1DZ,
786,"Emerald Brown",fusce.aliquet.magna@protonmail.org,PJE07VUD8IE,
787,"Naomi Logan",duis.at@icloud.org,FNX96HUG6ST,
788,"Victor Leblanc",tempus.non@hotmail.net,LCE75OGZ3KG,
789,"Justina Blevins",euismod.mauris@yahoo.org,PBW24DBC9QF,
790,"Melissa Hansen",augue.id@yahoo.ca,ORT95JNA4GM,
791,"Connor Oneil",commodo.hendrerit.donec@google.ca,SJR04FSC3QP,
792,"Aquila Weaver",semper.pretium@protonmail.ca,JBA98DQQ5HF,
793,"Haley Olson",sagittis.placerat@google.org,QWK21ETU9XA,
794,"Carissa Fuentes",nibh.phasellus.nulla@icloud.couk,DKR35AWH3RV,
795,"Ferris Woodard",rutrum.urna@yahoo.couk,HJO39DMV7VM,
796,"Ruth Alexander",arcu.nunc@aol.net,XXP60LTT2BH,
797,"Mariam Orr",integer.tincidunt@hotmail.edu,HEA71XMA2XK,
798,"Autumn Harris",risus@outlook.edu,YME76OQK1YD,
799,"Rebecca Snow",pede.suspendisse.dui@hotmail.net,SGR72BQB8XT,
800,"Jack Boyer",ut.eros@protonmail.net,YRM33PFP7QO,
801,"Anjolie Vasquez",malesuada.fames.ac@yahoo.ca,DMN06JYH5VS,
802,"Laith Ruiz",mauris@aol.net,DBS00NGY2XW,
803,"Troy Gilbert",libero.proin@yahoo.net,QFB24UDN9VC,
804,"Farrah Mcdowell",elit.etiam.laoreet@hotmail.ca,YXP75RRB2XK,
805,"Karly Mcpherson",lorem.ipsum@hotmail.com,TOR25HHK2KG,
806,"Neil Castaneda",dictum.eleifend.nunc@icloud.couk,RJV14KTS1YX,
807,"Christian Chaney",non@protonmail.edu,AQF11HAY1JE,
808,"Isaiah Hunt",et@protonmail.edu,PGB07DME2CU,
809,"Elvis Gibson",tellus.id@outlook.org,JIV84ZTQ2IP,
810,"Libby Woods",at.sem@icloud.edu,TRO60VBZ8QS,
811,"Sopoline Delaney",sed.eget@icloud.edu,DVF70EOS7BP,
812,"Jaquelyn Rich",dis.parturient.montes@hotmail.edu,XWY64HFZ5GY,
813,"Daquan Farrell",elit.aliquam@protonmail.net,AQE08SKC3NX,
814,"William Harrington",aliquam.erat.volutpat@icloud.ca,SLL34UHT6VT,
815,"Camilla Barry",mollis.vitae@icloud.com,LGS42HAD0VF,
816,"Hakeem Mccray",eu@icloud.com,KZS58EQH6UL,
817,"Portia Love",interdum@outlook.couk,CEB45WQZ4HA,
818,"Noble Hodge",nec.enim@google.couk,AJF95DXE4ZY,
819,"Dana Humphrey",ipsum.donec.sollicitudin@protonmail.edu,YMG32FJJ8MN,
820,"Petra Charles",metus.aenean@icloud.couk,HGS44TDT7HY,
821,"Daryl Beard",duis@hotmail.couk,NMR37MXB5XX,
822,"Linus Kidd",et.pede.nunc@hotmail.org,PHI61TYU8KY,
823,"Cole Guzman",cras@aol.net,YLO41VFP2CW,
824,"Gillian Spence",arcu.curabitur@outlook.ca,NAR16QSN4IS,
825,"Carla Dominguez",ornare.lectus@outlook.ca,BZB47ZLG4XA,
826,"Hilary Ayers",elit@aol.com,ABJ27QAN3HM,
827,"Kay Bullock",phasellus.at.augue@aol.org,DCN84TSB7KF,
828,"Randall Page",quisque.tincidunt.pede@outlook.net,LTL40HZH1IH,
829,"Adele Sloan",accumsan@yahoo.couk,USW29AMN3XS,
830,"Rebekah Duran",odio.auctor@protonmail.ca,DNO52PHB2FW,
831,"Bell Downs",fringilla@protonmail.net,KLG36BYG9HB,
832,"Charles Dale",gravida.molestie@google.edu,IGE86VCD5BF,
833,"Daquan Carney",amet@yahoo.com,MBJ46SGF7QL,
834,"Yoshio Peck",sed.neque.sed@yahoo.edu,BMK37IBW1YR,
835,"Nevada Morales",in@yahoo.com,FRE83VIF6BX,
836,"Serena Schneider",facilisis.suspendisse@protonmail.edu,ZSZ77REO4DT,
837,"Darryl Valenzuela",mauris.ut@protonmail.net,IMS45YFU9JM,
838,"Connor Morse",metus.aliquam.erat@yahoo.net,ZXQ14GYF3DT,
839,"Adrienne Buckley",felis.purus.ac@protonmail.org,RKN85OJK3RZ,
840,"Griffith Mercer",luctus@yahoo.couk,FLO93RDP0OU,
841,"Chantale Mitchell",id.nunc@protonmail.edu,ZTE74JOK0QH,
842,"Xavier Luna",at@yahoo.ca,CXO28CAB3PN,
843,"Joseph Carter",odio@outlook.org,EXI82KQM1KF,
844,"Matthew Mccormick",diam.vel@aol.edu,JNC82MJX6JG,
845,"Xanthus Bennett",aliquet.sem@hotmail.couk,HJQ26TPZ4VU,
846,"Driscoll Jimenez",in.consequat@hotmail.ca,QFX14JZS1KB,
847,"Shannon Scott",pede.malesuada@aol.edu,YJA47TYX7NQ,
848,"Marah Chaney",ut@google.edu,JUD47DIU3SX,
849,"Isaiah Baird",odio@icloud.org,PKE92GVX1AD,
850,"Stephen Britt",sit@protonmail.net,HCY35QJN3BT,
851,"Lucas Decker",libero.at@outlook.com,WUV22KYG4MQ,
852,"Azalia Daniels",senectus.et@protonmail.edu,GZK66QAH8IC,
853,"Brenden Nichols",integer.vitae.nibh@google.com,EOZ84NLJ3WR,
854,"Palmer Lara",quis.massa@protonmail.edu,RRW61SRU0HV,
855,"Mikayla Dunlap",proin@yahoo.edu,VYF25AYF2VY,
856,"Wilma Clay",aliquet.nec.imperdiet@icloud.couk,HOM62IXB7TB,
857,"Hyatt Hendricks",donec@google.net,JQC14VQW6ES,
858,"Emi Kirkland",phasellus.fermentum@hotmail.edu,TMH17RIK3EN,
859,"Barrett Swanson",iaculis@outlook.ca,ABG12WLT7XQ,
860,"Zeus Bonner",cursus@google.org,MMT10CEK3TI,
861,"Kameko Petty",ipsum.porta.elit@google.couk,MCX68YDZ5LT,
862,"Colleen Powers",at.augue@google.net,KQD42PEB2RS,
863,"Lilah Young",fermentum@icloud.couk,WGM42SCC4YO,
864,"Fallon Ramirez",aliquam.erat.volutpat@hotmail.couk,AVA53PYK7SB,
865,"Alfreda Mendez",cursus.vestibulum@outlook.org,QKH94MKX6NB,
866,"Benedict Townsend",nec@google.net,AJJ18ZCH0UD,
867,"Galvin Walls",ac.libero@yahoo.ca,ZXS94YKH7JB,
868,"Robin Soto",hymenaeos.mauris.ut@yahoo.org,JUB08LYM6HR,
869,"Scarlett Meyer",tempus.risus@icloud.ca,NKS01NVY1FG,
870,"Regan Henderson",id.nunc.interdum@aol.edu,UKF17FIY6JK,
871,"Colette Wynn",sollicitudin.orci.sem@outlook.edu,HGX02SJI5XE,
872,"Riley Acosta",mauris.blandit@protonmail.couk,DXD16KRM1SV,
873,"Kennan Pratt",dictum.placerat.augue@hotmail.org,FRI46WCG4SJ,
874,"Armand Collier",fusce@google.org,IRY67MXV6HH,
875,"Lesley Duffy",ipsum.cursus@google.org,HZQ03SOM7WR,
876,"Hope Jacobson",morbi.tristique@yahoo.edu,XUG71RVA2VU,
877,"Garth Huber",auctor.velit@yahoo.com,VMQ58HWG3FJ,
878,"Maia Wall",aliquet.molestie@google.ca,MYI97AHW4LU,
879,"Quinlan Cobb",duis.gravida@yahoo.edu,DWB54XDT2QM,
880,"Fletcher Wolf",eu.odio.phasellus@google.couk,JMB57DDR2HS,
881,"Lacey Weaver",fusce@icloud.net,NIW49VWL1JB,
882,"Troy Rose",augue@hotmail.net,NUQ96LMA0RM,
883,"Deacon Scott",phasellus.in@protonmail.com,CMU28PZV7RB,
884,"Kelsey Mendez",nulla.eget.metus@aol.com,JMF61DEG2FW,
885,"Chantale Mercado",faucibus.ut.nulla@outlook.org,ACW49VKK3ON,
886,"Sage Maldonado",quis.urna@icloud.edu,UYU55EMX2UO,
887,"Berk Raymond",odio@aol.ca,MWS73GOQ1ES,
888,"Leandra Pruitt",fusce.diam@icloud.com,OHF51KGA0FM,
889,"Alexa Sanchez",ullamcorper.magna@hotmail.net,GDV97OKG2KA,
890,"Merrill Cote",vulputate.posuere@hotmail.ca,KQN35NFU7GN,
891,"Finn Atkins",nulla.tincidunt@icloud.ca,QFJ21DCK7BD,
892,"Dora Burks",gravida.praesent.eu@aol.net,VKB70KIV4GR,
893,"TaShya Stark",quis.arcu@icloud.edu,UEG36DBJ7SG,
894,"Solomon Duke",magna.sed@protonmail.couk,GGZ40IOO7PC,
895,"Felicia Allen",ut.pellentesque.eget@yahoo.net,HIY11IYL3VY,
896,"Nola Rodriquez",mauris.ipsum@hotmail.org,FWD77VYL2OG,
897,"Nathaniel Kramer",est.ac.facilisis@aol.ca,WSV58HEQ4VR,
898,"Samantha Powell",pretium.neque@hotmail.couk,OUW03GKI4TP,
899,"Arsenio Bullock",eu.placerat@hotmail.com,CNL84DGQ5WX,
900,"Devin Simon",maecenas.iaculis.aliquet@protonmail.com,IVS79QZD2FR,
901,"Garrison Hurley",turpis.non@outlook.edu,TKP86SYX9CE,
902,"Vernon Collier",donec.feugiat.metus@google.ca,DJX80UZD7WW,
903,"Adena Jarvis",luctus.sit@hotmail.com,QOS43UOE8DG,
904,"Forrest Garcia",cursus@yahoo.net,GJT01UUP4FQ,
905,"Louis Mosley",pellentesque.a@outlook.edu,ITX79IZJ5EO,
906,"Oren Parrish",non@protonmail.ca,PCH28WKC2JU,
907,"Steven Chandler",lectus.ante@outlook.net,IPK33VOA8SX,
908,"Xander Wade",maecenas.iaculis.aliquet@icloud.ca,IZP97ASK2KF,
909,"Maile Davis",nec.orci.donec@outlook.edu,PCB36STL9DV,
910,"Martina Woodward",nulla.eu.neque@hotmail.couk,DBO23DDJ5VG,
911,"Hollee Newman",etiam@hotmail.net,SOE56JPW7CB,
912,"Nigel Knight",arcu.nunc@yahoo.com,SRM40AVY1GR,
913,"Flynn Chambers",massa@outlook.net,NAG50MXI1PX,
914,"Merrill Marshall",nunc@hotmail.org,CCP46XHO7YS,
915,"Henry Ortega",integer.mollis.integer@yahoo.com,XWI61RJI4BN,
916,"Beatrice Fletcher",ipsum@hotmail.org,QNE67RMB1WK,
917,"Chandler Mullins",leo.elementum.sem@yahoo.com,HHC57YYC3HN,
918,"Chandler Singleton",est.congue@outlook.net,XXF16IGV3GU,
919,"Lillian Jenkins",phasellus.nulla@icloud.couk,RHN47PTL8CL,
920,"Paki Pickett",mauris.blandit.enim@yahoo.ca,IJT02RHG8OB,
921,"Abraham Key",nisi@google.ca,GWK05MXJ6HU,
922,"Donovan Ortega",amet@aol.edu,BXN71WYV6LH,
923,"Reuben Norris",lobortis.tellus@outlook.org,YRD87XJJ8WQ,
924,"Hyacinth Cooper",enim@aol.edu,BMJ71CGB7NS,
925,"Trevor Barber",feugiat@google.couk,HPL76TLV4BD,
926,"Abbot Hanson",ipsum.dolor@aol.ca,TQL49CJK8RR,
927,"Yoko Larsen",massa@outlook.couk,PKK24VNW7MR,
928,"George Lee",nascetur.ridiculus@google.couk,PVG45VND2RK,
929,"Orlando Hubbard",sit.amet@google.ca,NJO80QCJ2XW,
930,"Kiayada Vang",pellentesque.sed@aol.com,DVE96WIN1FE,
931,"Juliet Cervantes",purus.in@google.edu,RSZ85QGJ3LE,
932,"Lareina Whitaker",integer.aliquam@aol.com,ZSR45SPN7CT,
933,"Lenore Roberson",aenean.gravida@icloud.org,MNJ30YDL2IC,
934,"Quentin Walton",lorem.semper.auctor@aol.net,VXU38YJS5XG,
935,"Odette Wade",maecenas.iaculis@protonmail.com,KRW15YVD3YK,
936,"Isaiah Phelps",vel@protonmail.edu,JHN68UOF1ES,
937,"Sierra Mcfadden",ornare.lectus@hotmail.ca,RXH84NWH6FQ,
938,"Virginia Battle",ut.mi.duis@icloud.couk,IHI29MOO3WQ,
939,"Barbara Roach",ut@yahoo.edu,CPL15BVC7FO,
940,"Garrison Hodges",ut@hotmail.org,XIH45WSJ1LE,
941,"Hakeem Lindsay",facilisis.magna@yahoo.edu,IYC74PPY5YK,
942,"Upton Clay",auctor.vitae@google.net,WOC56RKL8OX,
943,"Daryl Owens",nisl.elementum.purus@protonmail.net,DTX44EGK4MX,
944,"Clio Hartman",risus.quis.diam@google.net,WYH61OQH6RH,
945,"Magee Hammond",ultrices.mauris@outlook.net,JBZ30VKX0XO,
946,"Destiny Goodman",elit@google.edu,HLB37MSV6PJ,
947,"August Mccormick",a.neque@outlook.edu,VCR77OEF2QT,
948,"Daryl Bennett",sem.molestie@outlook.com,WNO52EDJ6UG,
949,"Duncan Griffin",justo.eu@icloud.couk,DGX22MIM4OI,
950,"James Marquez",vel.mauris@outlook.net,UCV04VPB1XO,
951,"Tamara Johnston",nibh@hotmail.net,YOQ56SWN4LR,
952,"Gabriel Wall",nisi.nibh.lacinia@outlook.net,DGE28VOG7EK,
953,"Kristen Kennedy",rhoncus@google.couk,XTY34VTO3IY,
954,"Noelle Hester",ac.fermentum@hotmail.edu,KUN15TNF6SL,
955,"Caesar Mclean",non.nisi.aenean@yahoo.com,BNQ62WSU6NP,
956,"Quamar Morrison",tempor.augue@google.ca,YOI27FWL7FT,
957,"Aline Pickett",condimentum@google.couk,GHN63ZUV8QE,
958,"Nevada Douglas",ligula.elit@yahoo.couk,JHD19GIG1AF,
959,"Autumn Riddle",urna@hotmail.net,DHB84PGT0TC,
960,"Brendan Solis",eleifend@google.net,WIK09OUS1EI,
961,"Xantha Hyde",et.ipsum.cursus@protonmail.com,LXV84WDD3EF,
962,"Barclay Stephens",vulputate@outlook.edu,EPF53TLY8MW,
963,"Quon Gonzalez",ipsum.leo.elementum@hotmail.com,YVP36YFI6NB,
964,"Price Mullins",ac@yahoo.ca,IXQ44VAS6NZ,
965,"Tarik Lynch",risus.nunc@aol.ca,BCY07SHY0TL,
966,"Jacob Briggs",dolor.elit.pellentesque@yahoo.net,FOK71HGG3CR,
967,"Mason Barron",neque.nullam@hotmail.couk,UOV61UGH6VG,
968,"Dane Delgado",sed.dictum.eleifend@google.ca,UPP64ERT7TG,
969,"Kylynn Nieves",erat@protonmail.ca,CNF15FGY6UO,
970,"Erica Hickman",tellus.suspendisse@yahoo.ca,IMC06NEM8OL,
971,"Edan Weeks",urna@hotmail.org,VTO12API8EV,
972,"Amber Knapp",mollis.lectus.pede@aol.ca,RDI86CZT5BC,
973,"Xavier Dillard",faucibus.orci@google.net,CAU31VKN0SZ,
974,"Mari Barrett",ac.facilisis@aol.edu,ULI80ZKV1CK,
975,"Heidi Fuentes",mollis.phasellus@google.couk,LEK81DQZ1OZ,
976,"Hedley Patrick",et.rutrum@protonmail.ca,WDE22KDU7RE,
977,"Dylan Torres",non.cursus@google.org,UUG62TPB6MN,
978,"Brent Britt",vitae.erat@aol.com,TDC74NLJ6QV,
979,"Gillian Vazquez",fermentum.fermentum.arcu@outlook.couk,PKH72GZU3YS,
980,"Felix Schmidt",at@protonmail.org,FDL44KCE7GV,
981,"Kenneth Rosa",sed.dictum@hotmail.ca,HZQ34IJU7DU,
982,"Courtney French",imperdiet.non@yahoo.com,IQW37WLL7QQ,
983,"Hadassah Hines",iaculis.aliquet.diam@aol.couk,TUC61SMP6IP,
984,"Cathleen Campos",arcu.sed@icloud.com,DWF84LSW8DX,
985,"Kiayada Compton",purus@hotmail.ca,NWS26FAQ2YQ,
986,"Florence Mccarty",lacinia.mattis@yahoo.ca,XEU13RUB3GX,
987,"Bert Mitchell",adipiscing.mauris@icloud.org,XAX69RMN8VV,
988,"Robin Decker",morbi.tristique.senectus@yahoo.ca,CJW41MXN2PY,
989,"James Navarro",ut.pellentesque.eget@hotmail.net,YMQ42WYK3QD,
990,"Ashton Glover",odio@hotmail.org,CEU87KNG6EP,
991,"Clark Sellers",morbi@aol.edu,BUW28KEW8KY,
992,"Tad Thompson",in.tempus@icloud.com,JYB64NSD8WE,
993,"Derek Summers",metus.aliquam@yahoo.com,IED88HRS1DI,
994,"Angelica Mccray",fringilla.est@outlook.ca,POZ67SOJ2NX,
995,"Kyle Barron",enim.diam@yahoo.net,DYK98MFK7RQ,
996,"Yuli Tillman",ac.mi@icloud.ca,LBP71MPY6IH,
997,"Lewis Arnold",porttitor.vulputate@icloud.ca,FLH68XIS1DP,
998,"Donna Sykes",luctus.felis@yahoo.edu,CDW53MZY0TH,
999,"Olivia Mcdonald",aliquam.arcu.aliquam@aol.com,XWO24IHZ4EI,
1000,"Medge Larson",scelerisque@google.edu,UHQ06TFW0TV,
