name,email,alphanumeric
John Medina,nisi@icloud.com,XEJ10UQI3EE
Kimberly Bean,leo@yahoo.net,XIM74CIM1WB
Michael Mathews,rutrum.justo@protonmail.org,UNK28KYL5AJ
Allegra Kelly,malesuada.fringilla@yahoo.edu,KSG78VJK8FH
Asher Kelley,turpis.non@google.net,LNL34JXK8XQ
Yeo Eaton,ultrices@aol.com,DTM70GJD2HH
Linda Drake,erat.vel@google.com,KSV42ZWW7XC
Ivor Jordan,ut.nulla@hotmail.ca,FVO90BET0HF
Austin Tyler,donec.tempus@outlook.net,GDB56ZGX8LC
Vernon Malone,venenatis.vel.faucibus@icloud.couk,MGE53FJG3EZ
Buckminster Henson,mauris@outlook.net,QRG17DST6KP
Luke Johnston,dolor.donec@outlook.edu,ZNV19LTW2EV
Felix Collins,sem.molestie@icloud.ca,NPH57EQQ1QY
Shaeleigh Ochoa,feugiat.tellus@outlook.couk,BYX55CCW3CE
Hedda Cook,pede.et@outlook.ca,CRK64JBX8EN
Portia Moon,dapibus.rutrum.justo@yahoo.org,VXR69SSG6KS
Bradley Burton,risus.nunc.ac@yahoo.com,DPX86UMU5OB
Lucas Howe,duis.elementum@outlook.edu,XXJ55KUO2SU
Summer Cohen,interdum.nunc@google.edu,FSW36UGR7FI
Callum Russo,id@outlook.edu,OPM08WER1DS
Ila Orr,non@hotmail.couk,IOQ94OUB9XO
Maxwell Hickman,velit.quisque@yahoo.com,KRD83WYC3VF
Robin Tillman,quam@google.net,YZX02GJX9QX
Erin Vazquez,at@icloud.org,QGM36EEM7EF
Mikayla Rosa,id@icloud.ca,JDK71FKM4KJ
Neil Gibbs,convallis.dolor.quisque@protonmail.edu,HMR67VDU0WG
Yael Chandler,sed@outlook.edu,CGY96XEC0OY
Scott Prince,lorem@protonmail.couk,JYO13GLU4TM
Ivor Eaton,et.magnis@aol.org,VPG15XFS2LS
Kiayada Mcclain,interdum.nunc.sollicitudin@icloud.edu,KCH52OVK4ED
Lara Haynes,ipsum@yahoo.com,AKU74MWW4FG
Mikayla Medina,venenatis.vel@protonmail.net,OMP43HSU4VF
Shellie Dejesus,vitae.purus@aol.couk,LBG71KCB3IW
Natalie Carver,donec.feugiat@protonmail.couk,SLX70UZQ4WB
Reese Ortega,odio.tristique@aol.net,RWE74SDU7JC
Miriam Thornton,mattis.velit.justo@outlook.couk,SMI26LOI0TG
Buckminster Diaz,facilisis@icloud.net,BXA10NCR2TA
Elaine Parrish,sem@outlook.couk,ZSS25RXI5VI
Noelani Armstrong,faucibus@yahoo.edu,BQC72IML4ZT
Germane Hudson,in@google.edu,GDJ35XBS9VM
Unity Wilcox,volutpat@protonmail.com,UDU25SRT9MO
Sigourney Salazar,non.sapien@google.com,YDK75PZO6FA
Deacon Fulton,erat.in@protonmail.ca,OWE73YXY3DE
Hyatt Sellers,nunc.mauris@protonmail.edu,VTV59CHH6HM
Regina Robinson,neque.sed@aol.edu,MRD26OMO9AP
Marah Leonard,dis.parturient.montes@hotmail.net,DBJ77XKW6WO
Fuller Kidd,ac.libero@icloud.ca,LNF98OXL1GH
Clark Woodward,cras.dolor@outlook.com,PQP57PRI3GG
Francesca Whitaker,maecenas.malesuada@outlook.com,HRP37IBC3KB
Jade Mcpherson,tempus.mauris@icloud.ca,PVU83ARV8BE
Simone Cohen,interdum@aol.net,LIX78XXR7AW
Hamish Chan,quisque.ornare.tortor@hotmail.couk,WYW55AJG0GT
Debra West,nunc.quis.arcu@aol.edu,RWE85GVX2PP
Hedda Bailey,tempor.diam.dictum@google.com,QGW52LLC4HC
Ignatius Henson,amet.lorem@aol.edu,OXR24QKF2WH
Neville Alvarado,integer.mollis.integer@outlook.couk,GCE87PET2SO
Adrian Powers,in@yahoo.com,HRQ84NFU2FV
Beatrice Mitchell,tempor@hotmail.ca,YPC33ZDN7RI
Eagan Hopper,mauris.id@aol.edu,FNU53IIB8IM
Sylvester Horne,aenean.eget.metus@aol.couk,VLG67NFD3IV
Axel Kemp,in.lobortis@hotmail.org,YDG30BCT7BJ
Eliana Gould,luctus.et@yahoo.org,TSD86AOD3NI
Orla Carson,tellus.sem@google.edu,SJO59KMU7ES
Rana Jefferson,tellus.lorem@hotmail.couk,TDM55IPS9MQ
Lael Frye,sodales.nisi.magna@protonmail.ca,POG74QWH8ZS
Imogene Valentine,varius.nam@icloud.org,XPS36XKX5CW
Vincent Bryan,turpis@icloud.net,HPJ25FMU8ON
Nevada Chan,orci.ut.sagittis@hotmail.ca,XSL55DXM1CM
Lewis Wise,massa@yahoo.couk,BHG75XFG8KL
Timon Swanson,nunc.sed.libero@hotmail.couk,CQH13PXV4TD
Griffith Sanford,nulla@icloud.net,PMW28NEJ5NI
Lance Carson,montes.nascetur.ridiculus@hotmail.ca,CKL90CWT3UV
Shelley Maynard,a.feugiat.tellus@protonmail.net,UXQ36IXJ3RU
Quinn Sharpe,non.enim@aol.com,OHC06WOG7CJ
Pandora Knight,a.enim.suspendisse@protonmail.com,EIP22MEL8VE
Robin Ramos,magna.nam@yahoo.edu,QFF25SQN6VE
Elmo Tate,in@outlook.net,XGW47TKV1JY
Constance Wilder,malesuada.malesuada.integer@google.couk,WVJ23VDW8FQ
Bree Raymond,in@google.ca,AEP41ROS7UZ
Bradley Bowers,dolor.sit.amet@yahoo.couk,QPI68UMD8XL
Nyssa Gray,nec.ante.blandit@outlook.couk,MTZ87WWJ1CR
Dara Dudley,gravida.non@google.couk,GVP78FAL7OQ
Aurelia Tillman,purus.duis.elementum@protonmail.org,MQQ21NWO1IO
Francis Mccarty,gravida.molestie@yahoo.ca,KID22FNT1GJ
Ferris Roberts,pellentesque.tincidunt@google.couk,JEE22HSO4JL
Jonah Lloyd,etiam.bibendum@aol.net,CBV71KQV6AC
Sara Decker,lacus.varius@aol.ca,AXQ88OXH2II
Quintessa Nash,ullamcorper.duis.at@protonmail.org,SLF45JRM4BS
Maia Clayton,elit.sed.consequat@outlook.com,CQY81CSH8UT
Elliott Pena,cursus.luctus@yahoo.couk,HVY75RIK3JO
Rahim Holcomb,turpis@outlook.net,PLQ82NRG5OF
Kieran Bauer,tincidunt.vehicula.risus@aol.com,BFB86ILQ8LR
Ramona Middleton,dui.fusce.aliquam@icloud.ca,QWC43IUZ3HQ
Martin Holder,lacus.pede.sagittis@outlook.couk,THT48YLF2QF
Dora Shelton,eu.odio@outlook.edu,HWV45TSI5UC
Keiko Ballard,pede@protonmail.edu,XIP28MGD3CK
Audrey Alford,risus.quis.diam@protonmail.com,BGE07WDR9SN
Azalia Franco,tortor.dictum@hotmail.com,EVB88LBP7CP
Hamish Osborn,odio.auctor.vitae@icloud.ca,JNR35DWZ4CG
Willow Whitley,penatibus.et@protonmail.edu,LXW81DTU6YP
Kenneth Walters,adipiscing.mauris.molestie@hotmail.net,EMS51UJT4QL
Belle Boyd,magna.duis@yahoo.org,NUE03UUF0FF
Maisie Marsh,vestibulum.neque@aol.couk,FXB35LTL2UU
Lars Farmer,diam.nunc.ullamcorper@hotmail.couk,VLD44NLY8WV
Yuli Franks,vestibulum.lorem@google.couk,OPD73CEQ6ZV
Mason Cline,donec.tincidunt@hotmail.couk,RXC56POR6VD
Eve Sampson,curabitur.dictum@aol.couk,PFI05BFO6BM
Christen Wilkinson,cursus@icloud.edu,OUP08KRB8WT
Griffin Brennan,dapibus.id@google.org,KIK92DPL7AH
Kasimir Murray,pede@protonmail.couk,ZPL71TPE3NI
Iona Orr,et.pede@aol.com,HQB78NWP3YP
Addison Mccall,ullamcorper.viverra@outlook.edu,MYO58WGI6KP
Inga Stephens,sodales.elit.erat@protonmail.ca,KNT36TQX9NV
Rhonda Ware,mauris@yahoo.org,LTN51XLQ8YU
Maggie Mckay,ante.ipsum@outlook.ca,UYP35GSM5SP
Brady Velasquez,blandit@yahoo.com,BYE87DUU3VO
Hop Garcia,feugiat.metus@outlook.org,YXT89EWN9SF
Amber Maddox,metus.aenean@aol.edu,AFN64CAF8QS
Garth O'brien,aliquet@yahoo.ca,MDK93KHC8PM
Edan Hooper,sem.elit@protonmail.edu,TNY38QPF3QA
Amaya Fry,phasellus.vitae.mauris@google.org,KTI96OXU2WD
MacKensie Boyle,magnis@google.org,PCE13PTV2GB
Quin Kirby,quam.elementum.at@icloud.edu,KWW30ZXY9FF
Nelle Roy,duis.mi@google.ca,VIN05ZWL1PD
Pamela Snow,sodales@icloud.couk,XDM82YGI3DB
Asher Cleveland,phasellus.elit@yahoo.com,PCR25PSY6TG
Dexter Booth,natoque.penatibus@yahoo.ca,YHH45OSQ0GV
Breanna Hoover,quis.accumsan@yahoo.org,ODC89IWN1RW
Fuller Fitzpatrick,eu.odio@protonmail.ca,SIT72XOJ6SV
Cedric Arnold,vivamus.euismod.urna@icloud.ca,JJM96TYT4IL
Jonas Lambert,amet.consectetuer@yahoo.ca,GOK72LMX4LM
Xanthus Henderson,vulputate.eu@yahoo.org,WNS77KCQ4XF
Edan Stephenson,auctor.non.feugiat@google.ca,TNQ86WSA5PF
David Boyd,sociis@hotmail.com,FEI68SSX9KP
Linus Todd,purus.gravida@outlook.com,HOF80UKC5LQ
Ora Camacho,tellus.faucibus@google.edu,GBQ45PYS7NC
Zephania Powers,massa.quisque@outlook.com,PUK58CNM1SQ
Karleigh Cortez,fusce.feugiat@protonmail.ca,SMV48MWF6WR
Brennan Wilkerson,imperdiet.erat.nonummy@icloud.com,IUC42PRG8SG
Daphne Golden,ipsum.dolor.sit@yahoo.com,DSQ11DSL3MZ
Ian Fuller,faucibus.leo@aol.couk,VSK18GUF3BQ
Gil Moses,aliquam@outlook.edu,KBC22GAW7VE
Jared Houston,sed.nulla@outlook.edu,KYW44TGH4KK
Shelley Joyce,id.magna.et@protonmail.com,HJB35PGP3LG
Camden Campos,quam.dignissim@yahoo.couk,ZWS12SYY4UE
Kato Peck,magna.nec@google.couk,XFB88WJT1DW
Stacy Tate,id.risus.quis@protonmail.org,GIW89DPD0BB
Macey Lane,ante@google.net,FBR64DYL2RQ
Lynn Ewing,nulla.facilisi@hotmail.com,MWG62SHT1ZT
Evangeline Hunt,lectus.rutrum@yahoo.com,KDX54EYM3QJ
Aimee Whitaker,fusce@aol.edu,TIO85HDL6LQ
Francis Johnston,dictum.augue@aol.couk,VDU31QGH1YR
Owen Shaw,malesuada.vel@hotmail.couk,OIN48PRO6II
Halla Duffy,dictum.eu@icloud.net,BXN59SFV4IW
Barclay Barnes,erat.in@outlook.couk,UMQ71ACD6QY
Dominique Elliott,lacinia.mattis@aol.couk,EAC81HCJ9EQ
Steven Sanders,ipsum@outlook.org,SGZ47ZJE2DI
Susan Shelton,enim@outlook.com,OGB22OFD6YS
Athena Reynolds,netus.et@protonmail.net,SQC60LWM2OX
Inez Hickman,dignissim.magna@yahoo.edu,NIW87NIV7RJ
Orla Aguirre,cras.vehicula@protonmail.edu,XLD48JJD3SF
Troy Palmer,magna@yahoo.com,OYF73UNX6CH
Kaye Martinez,vitae.nibh@protonmail.com,EGI84TRL7II
Violet Durham,nullam.feugiat@aol.couk,NMM85OQN0CJ
Raja Hanson,elit.fermentum@protonmail.ca,CNK37ODD7HR
Brent Warren,massa.mauris@outlook.com,BWM32KKO9YP
Kitra Wise,ut.pharetra.sed@icloud.couk,GSF89RGX9FK
Lucian Bates,arcu.nunc@protonmail.couk,ELD63ODV3UU
Veronica Stewart,tempus.scelerisque@yahoo.couk,BGW78TGE7BE
Marcia Lindsay,vehicula.risus@outlook.com,CEP92JDO1OJ
Irene Lindsay,velit.justo@icloud.couk,MBI65BDG7AY
Amery Salas,vestibulum@outlook.ca,PNJ88XTU4PJ
Samson Lee,maecenas.libero.est@aol.net,COZ03ONL0EK
Gretchen Duran,sed.tortor@google.com,HHH88KHC1MT
Sandra Schroeder,morbi@yahoo.org,TGB36LGF6YX
Christopher Jones,cras.dictum@protonmail.ca,CJK97GYX9OH
Yoshio Mcclure,vivamus.nisi.mauris@outlook.ca,WXS52XLT4RH
Genevieve Chase,cursus.nunc@protonmail.edu,YCK15UKH1BG
Lunea Mccormick,tempus@aol.couk,NPT32WII2BU
Driscoll Becker,nam.interdum@yahoo.edu,WVH37LRS6GS
Lareina Tillman,semper.nam@icloud.edu,KTH03RRE9TB
Isaiah Griffin,proin@outlook.edu,CUW24UHW6EZ
Brock Collins,dictum@aol.com,BLL77OXP4GP
Kamal Hunt,nam@hotmail.couk,PXP23UKP2CE
Hu Cervantes,convallis@outlook.couk,SBH87MSG8EW
Otto Bradford,in.lorem.donec@yahoo.couk,HAQ69WNY6ND
Emi Hickman,at@yahoo.ca,OGL64NTJ4YK
Ciara Vaughn,venenatis.lacus@hotmail.org,WEF32DBI7QD
Tarik Bowman,lacus@yahoo.edu,MHX07KAB3WQ
Michelle Byrd,ultricies.ligula.nullam@protonmail.edu,OHT48UBZ0KR
Melvin Farrell,mollis.vitae@hotmail.edu,IBC58KCL2SW
Imelda Mccray,habitant.morbi@protonmail.edu,SPY75SRD8HX
Dora French,elementum.purus@outlook.edu,CYT26PIR9QE
Skyler Frank,eros.nec@aol.ca,QGU44WMY8ZJ
Geoffrey White,lorem@protonmail.org,JON77KLV3EP
Dane Anderson,cras.interdum@google.ca,VMV84NWG7ZD
Mannix Dudley,pulvinar.arcu.et@hotmail.net,NAY36CJB6UM
Zeph Walsh,metus.aliquam@google.net,UGW26AQX4WX
Xenos Crosby,nibh.quisque@aol.org,OGK67JDJ1RD
Kirsten Fitzpatrick,sit.amet@hotmail.edu,WQM17NAD8LQ
Nomlanga Ferrell,ipsum.suspendisse.non@outlook.org,NZI13KXA8JH
Xander Maxwell,phasellus@protonmail.edu,KPT23HXJ4DU
Brendan Pittman,eu.euismod@outlook.org,KKE73VUD4XS
Wallace Horne,consequat.lectus@google.net,BXE64MCL6JX
Flynn Trevino,donec.est.mauris@hotmail.ca,NUG65YFX3JJ
Shannon Mullen,eleifend.egestas@outlook.edu,WBS93EBZ7LX
Blythe Armstrong,fringilla.cursus@protonmail.org,NFR47KPQ1EF
Judah Dotson,tempor@yahoo.edu,FHG61KTH2KX
Ryan Lester,donec.elementum@protonmail.com,MGO61JGT8RW
Keefe Price,ac.sem@google.net,VHE78SEG4CX
Flavia Quinn,magna.tellus@yahoo.ca,ZYP67ONS5JB
Charde Riggs,massa.vestibulum@yahoo.couk,YEN51RML5PR
Cairo Valencia,integer.sem.elit@google.org,IRK58QQO0MV
Ruth Decker,vehicula.aliquet@google.com,BYA06ROD7PI
Margaret Buckley,sed.libero@google.org,TQJ38TAQ8VV
Sonia Mills,vitae.risus@icloud.net,WWW17FHF4ML
Keefe Foster,ac.eleifend@protonmail.net,TMX72GJZ3RJ
Basia Monroe,vehicula.pellentesque@aol.net,IZF85ORQ4OW
Fitzgerald Humphrey,hendrerit@outlook.net,MLS56WWS6MY
Tucker Johnston,cras.sed@outlook.edu,UJJ62QTP4LT
Uma Mann,quam.quis@protonmail.org,GVI62VXH6ER
Wang Pierce,sit@hotmail.org,IVU45BFB1ND
Jackson Faulkner,felis.ullamcorper@google.com,XJQ26BNP2FC
Elliott Stokes,dolor.sit@protonmail.couk,CFN42FZL8FC
Emerald Gordon,nec.luctus@protonmail.com,OFH80TXF2HB
Colby Molina,at@aol.com,DUR61DWO2GP
Colorado Baxter,vestibulum.ante.ipsum@protonmail.net,QDE51CCX1SD
Cain Mcdonald,penatibus.et@icloud.ca,HOL51XID2RP
Quintessa Little,lobortis.mauris.suspendisse@protonmail.ca,FLK58EKA5NS
Alvin Bennett,parturient.montes@hotmail.ca,RKB32TKR8UL
Cyrus Kennedy,vestibulum.neque@hotmail.com,XLP95DIJ3CP
Callum Anderson,massa.integer@yahoo.couk,BIG51FDE4LT
Olivia Edwards,posuere.cubilia.curae@protonmail.ca,QQK82ZDN6NO
Gray Manning,nunc.sed.pede@yahoo.ca,LUQ97CXQ5LV
Kyla Osborne,tempus.eu.ligula@protonmail.com,QPP13WLJ4FT
Jacob Beach,arcu.vestibulum@outlook.couk,DVY58UHD7JK
Jessamine Ramirez,luctus.vulputate.nisi@protonmail.ca,FOA70GSB0CJ
Perry Chavez,lobortis@aol.ca,OHJ43HHV5ED
Patience Cline,arcu@aol.net,HOA51JXD7IZ
Clayton Stanley,dictum@yahoo.org,ESD91OQS2OD
Guy Goodwin,rutrum.eu@google.net,TNQ32YGX7MQ
Jerome Floyd,in.faucibus@icloud.org,AXU17QHG9JT
Quinlan Moore,augue.eu.tellus@aol.net,QUO80ENI8YO
Graham Mills,neque.nullam@icloud.net,CBL36UHV3WX
Bo Irwin,amet.metus.aliquam@aol.com,MBK15GNW9AG
Eleanor Finch,diam.lorem.auctor@aol.org,QKX58YTB1BA
Aimee Sheppard,metus.aenean@icloud.com,TGM36GDH6DG
Neve Hansen,eget.mollis@google.couk,UPR54WAC4FN
Emerson Henson,luctus@icloud.net,THJ53GFV7RX
Gail Combs,dapibus.ligula.aliquam@protonmail.edu,LEW56WFC2KK
Karly Le,tellus.nunc@google.couk,GST44DFB2NJ
Uriah Boone,gravida.mauris@icloud.com,GFG71MMW7EM
Stone Crane,vel.arcu.eu@protonmail.couk,XUC34UMZ3CH
Baker Wilder,risus.duis@outlook.org,OPJ63VHZ2VN
Warren Fletcher,faucibus.morbi.vehicula@outlook.ca,CRP18GSI4NJ
Wyatt Wade,massa.mauris@google.com,QGQ34PCL6IS
Lucian Mcmahon,vitae.purus@aol.couk,MXT79XMD6VJ
Eleanor Rose,tempus.risus@icloud.net,HLC91WXL6RW
Elmo Cherry,phasellus.dapibus@icloud.edu,QDZ01QFW8DQ
Zeph Herring,rutrum@aol.couk,OQH55NUL7TN
Lionel Sharp,mi.enim.condimentum@aol.org,JST54ZKV1RP
Todd Phelps,augue.porttitor@google.org,MSD32EXA1FQ
Cooper Workman,ut@protonmail.org,BIN42MAO5GN
Maya Hale,non.leo.vivamus@protonmail.ca,WCG57MRU1VX
Michael Zamora,velit.quisque.varius@icloud.couk,BQL24DIK3JE
Logan Harvey,curae.donec@hotmail.edu,OPS31TVP6MU
Daniel House,dictum.eu.placerat@icloud.edu,KJJ74QIB7WS
Ronan George,sodales.at.velit@yahoo.edu,SVC12VUH6YU
Hanae Noel,convallis.erat.eget@aol.net,VBU12WEU8GC
Samuel Mcmahon,ad.litora@google.couk,KNJ26TQK2ID
Quail Fulton,lorem.ipsum@google.ca,XHK77HYX3ML
Freya Hurley,nullam.feugiat.placerat@hotmail.org,OCW87GPN1YS
Amaya Douglas,a.odio@hotmail.ca,TCB25UHC6XL
Nicholas Lee,donec@aol.org,MVF68WKN4JA
Britanney Mcmillan,nisi.mauris.nulla@yahoo.org,ZXY16IPO7DH
Shad Garrison,lectus.quis.massa@aol.couk,XHT22UQY9KT
Laurel Castillo,nisi.nibh@outlook.net,JCF97EIQ7AH
Xena Fulton,egestas@yahoo.edu,CWU97NJE7VG
Hayden Schmidt,integer.vitae@google.org,YFQ52JAS7TX
Freya Rose,nec@icloud.org,HGG06YXT5GH
Leonard Campbell,eleifend.cras@yahoo.com,MDG53UPO7YC
Elaine Harper,eu.nibh@outlook.couk,RAK75ETA1KK
Willow Olsen,risus.in@google.net,JIZ32HDW7XD
Scott Heath,non.lobortis.quis@aol.couk,FRE31NKI1DX
Tiger Barrera,nulla.tincidunt@yahoo.couk,ZHQ56YNU7VF
TaShya Blankenship,convallis.ante@yahoo.couk,QDG61BCC2HH
Mira O'brien,convallis.dolor.quisque@protonmail.net,LKR06VLB2OM
Cora Morris,interdum.nunc.sollicitudin@hotmail.org,KEM24AFU0MB
Burton Bonner,a.malesuada@icloud.org,FJB62XTP8VC
Faith Perkins,justo.faucibus@google.org,SVL69NVL7BI
Akeem Guerrero,fringilla.porttitor.vulputate@hotmail.couk,KIG25AMO5RL
Fletcher Guerrero,lectus.cum@aol.edu,TBT36SHP8XI
Veronica James,dolor.quam@protonmail.com,FIE05AXH7XX
Alisa Merritt,et.malesuada.fames@google.org,WCQ04WFD9XB
Geoffrey Shaffer,lacus.quisque@hotmail.org,VSH04JRR5GO
Jermaine Kennedy,sollicitudin@icloud.edu,BNI46HDK4MB
Abdul Chandler,duis.ac@google.ca,QPY91YBE3QC
Lysandra Kirkland,vivamus.nisi.mauris@yahoo.edu,IRJ61WHY8SJ
Samantha Walton,hendrerit@google.org,CBW39RCT1HG
Mallory Herrera,gravida.sagittis.duis@outlook.net,ZUP14DUU8QG
Dana Walters,vel.pede@icloud.edu,FHX37JTF4PE
Kellie Roach,vel.venenatis@hotmail.net,OQO40UPZ6RO
Jolie Carr,orci.ut.sagittis@protonmail.net,KSP92WCX7PY
Candace Moreno,diam@outlook.edu,OYL64BED5CP
Hedy Mann,ultrices.vivamus@icloud.net,VNE44YEM7JP
Coby Morrison,mi@google.ca,JCB64XCX5JT
Reese Gentry,tortor.nibh@yahoo.net,IYT50QEL4NR
Audra Hodge,netus.et@outlook.org,YXC18RMV2HA
Noelle Schultz,egestas.a.dui@yahoo.net,HOS73RMB7BV
Rebekah Robles,sed.pede@yahoo.com,QGN68FKM3QK
Nita Randolph,mi.eleifend.egestas@hotmail.edu,JNA57CWD3XS
Martha Rowe,conubia.nostra@icloud.net,SCT94JOL4OL
Vivian Joyner,molestie.dapibus.ligula@hotmail.com,IRE71EAI4DG
Camille Potter,justo@icloud.edu,IFH61VKW5JP
Mannix Alston,aliquet@google.org,FIZ93HOZ7DC
Shelly Berry,eros.non@hotmail.ca,JFS69RUF8FD
Athena Browning,vivamus.nibh@protonmail.org,CGH54HXS7TO
Chanda Meyers,nisi.magna@outlook.ca,UTV27HVH7TS
Barbara Hogan,varius.et@google.edu,CQW12VVB3FX
Blythe Dunn,diam@icloud.com,LTB18TSB3JO
Uriah Warner,vehicula.aliquet.libero@hotmail.edu,CUY59KKA8YY
Oren Weber,ullamcorper.duis@yahoo.net,KXE61ICC4AV
Patrick Bentley,sit.amet.dapibus@icloud.edu,LWN51HRK3HV
Halee Chaney,non.lorem.vitae@hotmail.com,NLK17HBP2HL
Roary Brown,nec.urna@google.com,PSY73DUW6OD
Darryl Harrell,nascetur.ridiculus.mus@icloud.ca,VTT20ZKN8LE
Francis Dejesus,tincidunt.tempus@hotmail.com,JGQ17VIG0BH
Virginia Elliott,eros.proin@protonmail.ca,SXP74LVW8FP
Heather Chaney,et.magnis@hotmail.net,WQA07KND5PK
Ulla Foster,vitae.nibh.donec@protonmail.edu,TOP39XOE5BY
Mohammad Herrera,habitant.morbi@aol.couk,YUT21USC4FL
Jaden Finley,orci.luctus@icloud.net,YQU77UTM1CX
Gary Head,malesuada.integer@icloud.couk,SSL97REO9PQ
Candace Cooke,auctor.quis@google.edu,MLJ18PQH2UC
Ulric Ashley,ut@aol.ca,LSF12MJQ1UW
Victoria Ward,amet.lorem.semper@protonmail.ca,OOH26HHC3AS
Chandler Rios,odio.sagittis@hotmail.couk,XVB74ITI3NN
Garth Mcfadden,a@yahoo.net,IDF17WSC8QH
Willa Evans,natoque.penatibus@yahoo.couk,BIN87DTN4TU
Raya Robbins,aliquam.nisl.nulla@hotmail.couk,CNB32NYU8XV
Molly Becker,tincidunt.dui@google.edu,IKF23SJV5YB
Ivor Macdonald,convallis@yahoo.org,GCJ76CFY6RD
Lani Mckee,massa.integer.vitae@outlook.com,SLK61RDJ4BY
Finn Hampton,at@icloud.ca,GXF99TVC1NN
Lara Small,molestie.pharetra@aol.org,FGQ85CPA1GE
Barclay O'brien,ultricies.sem@protonmail.ca,RSN16GTE9NZ
Madeline Potts,quisque.purus.sapien@yahoo.ca,UHE81RJM0DF
Sara Snider,senectus.et.netus@outlook.org,OTP62KDK3TO
Montana Conley,vestibulum.ut@hotmail.edu,JQU38NIS9UE
Ezekiel Clemons,pellentesque.ultricies@outlook.org,ZEX99CJZ5JH
Otto Sandoval,sit.amet@google.org,NXN57BFM0HP
Cyrus Estrada,metus.vitae.velit@icloud.edu,RXD46XWM8UL
Jesse Phelps,lobortis@yahoo.ca,WZC50GJT6WS
Nola O'donnell,tellus.faucibus@yahoo.couk,YWO27IBZ1RF
Whoopi Quinn,lacinia.at@icloud.com,IVW65SXF6OS
Robert May,amet@protonmail.ca,YJC11IOI7OA
Ryan Cochran,fusce.dolor@hotmail.couk,UGB81CCZ1GP
Yeo Contreras,pharetra.sed@protonmail.couk,QNI97EPI2MC
Brock Johns,fusce.diam@google.ca,ENB29TVM7HG
Inez Larsen,sapien.aenean.massa@protonmail.com,BEZ30MRH7IJ
Kato Langley,phasellus.dapibus@google.ca,LJM76SEN5XD
Virginia Slater,a.felis.ullamcorper@hotmail.org,YPJ32QBG3YB
Zorita Sanders,nec.ligula.consectetuer@hotmail.org,ULR10DXZ1OC
Beau Dudley,nulla.tempor@protonmail.net,IDV47GRG8RG
Chiquita Moses,lobortis.mauris.suspendisse@aol.com,WNA32UWY1TK
Hoyt Kerr,lectus.pede.ultrices@google.ca,FSR27DXP2JY
Joelle Dominguez,in.magna@google.ca,KHV53FBA0HQ
Brock Kline,nulla.cras@icloud.ca,JNU75KWG9XY
Jacqueline Petty,facilisis.vitae@hotmail.net,XVP62MSY0VR
September Frazier,nulla.magna@icloud.ca,TTK74RHM7EC
Summer Lopez,augue.scelerisque@icloud.edu,KVW88CPS3WF
Kristen Huff,nunc.sed@yahoo.couk,RLQ91LNI9DI
Adele Booth,luctus.curabitur.egestas@hotmail.com,CKT15AHQ1GB
Petra Carr,lorem@hotmail.org,GCP23JTU3IF
Igor Travis,libero.lacus@protonmail.ca,EDY44HKL0HJ
Irma Branch,erat.eget@google.edu,BBH72OTE6LN
Imogene Gregory,vivamus.sit.amet@yahoo.net,MXU81GUV3CE
Jennifer Guerra,enim.sed@protonmail.couk,XWZ26NNQ0QX
Vernon Chang,nisi@yahoo.com,DPM16NKB6IY
Jelani Weaver,sed.turpis.nec@yahoo.couk,RXV81ZIB8OT
Alexander Coleman,donec@yahoo.com,ZYL30TYP3CX
Samantha Pearson,posuere.vulputate@outlook.net,GVE46JKV5OQ
Dai Shepherd,duis@protonmail.ca,DOL98ZFO2ZR
Emerald Dillard,malesuada.augue@hotmail.edu,XBL16MJN9TN
Ian Salinas,faucibus@yahoo.net,FKS40UGS7OF
Deirdre Mills,fermentum.fermentum.arcu@aol.edu,FFE41OJB3RL
Sandra Dunn,lacus.nulla@hotmail.couk,MLK23RCI4QE
Byron Ortiz,est@hotmail.net,QVA15OLC7DQ
Stone Garner,risus.donec@yahoo.net,HPY23BKR7OL
Forrest Wiley,risus@hotmail.net,TSB88RVU8SU
Drew Workman,non.enim@hotmail.org,HVE18CVY6CR
Lucas Watkins,non.enim@protonmail.org,NKR28GDB6TQ
Jaden Baldwin,diam@yahoo.edu,JKX38PYK8AP
Kato Boyer,varius.nam@google.org,DLP18IDB4WD
Geoffrey Cervantes,lacus@yahoo.couk,SVL26BXU4QO
Sasha Reese,pulvinar.arcu@google.edu,QLO82DPT7NP
Perry Hopkins,lacinia.vitae.sodales@google.com,QDQ22UGX4LH
Isabelle Macias,sed.molestie@yahoo.net,ESK57PIX3BO
Damon Dorsey,mi.ac.mattis@google.com,VWM12SQN7UV
Avram Paul,ipsum.cursus.vestibulum@aol.edu,EOJ36KLL7TM
Harding Salazar,blandit.congue@outlook.net,STC72BYQ0UD
Myles Alvarado,arcu.nunc@icloud.couk,DZN78TAM1EW
Yvette Dixon,nec.orci@yahoo.net,KDW31MFO6SY
Medge Key,sit.amet.faucibus@hotmail.com,FOI11ODK7FX
Fitzgerald Brock,accumsan@protonmail.org,MLT47PUV4BY
Jamal Fitzgerald,orci.lacus@hotmail.net,EJW93FOD3XG
Molly Landry,nunc.mauris@hotmail.couk,YFY87LLD1CA
Evan Gay,adipiscing.fringilla@hotmail.com,JDU28XSB2VY
Dennis Alford,curabitur.ut@protonmail.com,LNS29TUK9GV
Abraham Garcia,a@yahoo.ca,XAK34KJU3OJ
Quon Donaldson,urna@icloud.couk,SPW42ARW7RI
Porter Craig,donec.tempor@yahoo.couk,UGR75IGN5JY
Jocelyn Jefferson,sodales.mauris@aol.ca,OFE11PYB1HV
Keane Travis,magnis@yahoo.couk,GIB03RDB8EE
Amela Barnes,vulputate.mauris@yahoo.net,ZJY67POC9ZA
Kadeem Horton,amet@google.com,IOK19WPJ8PQ
Connor James,nunc.laoreet@icloud.org,STQ57QBE5XW
Janna Barnett,tincidunt@yahoo.edu,NEM91IUN4HP
Sasha Mcdonald,nunc.risus@outlook.ca,SBQ50UBF0KX
MacKensie Hunter,augue.eu@outlook.couk,TOK41IZY7MU
Ursa Pickett,sodales.nisi@outlook.couk,IVN97BNU7VK
Bo Marsh,rutrum@protonmail.edu,JHJ32HNT5YO
Hayden Durham,ullamcorper.nisl@google.net,SMI68XWU3NG
Kato Floyd,quam.quis.diam@google.couk,BJG67NCZ4NY
Donna Hudson,pretium@aol.edu,PJR71MTK2TE
Connor Hughes,dolor.dolor@protonmail.edu,OGP91NOY4FQ
Carson Foreman,luctus.aliquet@protonmail.ca,TCV87WTE3QE
Kyra Boyd,nonummy.ultricies.ornare@google.com,RMD33MZL7BY
Dominic Hoover,auctor.mauris@icloud.net,TLE98QNL3HZ
Lareina Clark,curabitur.egestas@outlook.couk,ILW87XKE5XN
Kalia Dickerson,tellus.justo.sit@hotmail.org,KFP14AMC2KP
Brian Potter,id@protonmail.ca,VWR42DQM3PF
Lael Richards,sapien@yahoo.edu,FXN61UBP3JV
Shelly Montgomery,quisque.nonummy@protonmail.ca,JBG61LHL5OT
Naida Briggs,magna.tellus@icloud.edu,LTB28PUA6NY
Lisandra Fitzgerald,orci.tincidunt@icloud.net,VKM06AFM5FT
Rebecca Butler,fermentum.arcu.vestibulum@aol.com,YWT46REX5EF
Hayfa Frederick,porttitor.interdum@google.ca,NFI53DHT9NK
Connor Roberts,eleifend.nunc@yahoo.couk,NZK91HUF4OU
Madeline Sampson,ridiculus.mus@icloud.ca,PMH50TNP4GG
Amber Atkins,orci.lobortis@icloud.couk,QYB67YDR7UQ
Bruce Elliott,ipsum.donec@aol.com,ROS81OCA1MJ
Leigh Alvarez,lorem@icloud.edu,LUT78UMC0KK
Tanek Harper,pede.nunc@outlook.couk,NFV95GQF4DJ
Vielka Valencia,per@aol.couk,KQF33GUS9GE
Hayley Love,eros.turpis@protonmail.org,CJR29MOZ1BP
Elliott Moore,posuere.at@aol.com,UVE73DCT4IT
Halee Mckinney,ut.mi@hotmail.edu,RLB25EHN0CO
Nathan Ray,vel.turpis@hotmail.edu,NQA78JKD0XF
Leroy Howard,arcu.imperdiet@aol.edu,BFI33SXN2WB
Regina Rowe,sed@outlook.couk,JHW27PQW3RB
Bo Mclaughlin,iaculis.lacus@icloud.com,MPH42WHX9CR
Igor Pierce,iaculis.enim.sit@protonmail.org,TLQ55HUT1DQ
Herrod Cash,pharetra.felis@google.couk,XLU90NVH5HE
William Douglas,est.ac.mattis@yahoo.edu,ZNS52RFJ4CM
Noble Koch,at.arcu.vestibulum@protonmail.ca,ZTR27PEX6XB
Clayton Haney,suspendisse.non@aol.ca,KHS38EBU4PS
Cassady Ball,facilisis.suspendisse@protonmail.org,TJJ26QJR6LE
Fallon Doyle,taciti.sociosqu@google.com,FTV41ULU8DR
Venus Juarez,facilisis.suspendisse.commodo@google.net,YYI45JMW6HU
Carol Sampson,augue.scelerisque@google.couk,SWM54CTW4VX
Isaiah Torres,risus.duis.a@protonmail.net,DUH51UXC3XE
Lance Glenn,cum.sociis@google.net,TRJ44ABI3TN
Mallory Daugherty,mi.felis.adipiscing@icloud.org,IAK03XOL2FW
Jillian Dillard,ullamcorper.magna.sed@icloud.com,VNG59KDI1FT
Uma Calderon,mattis.integer@google.ca,QAN07XYY5PH
Ursa Frazier,pellentesque.ut@hotmail.org,ITM18LEF4WW
Boris Olson,dolor@outlook.ca,OJX91EGY2NM
Cooper Travis,quis.pede@icloud.org,KCX29OSH2FS
Hope Thompson,class.aptent.taciti@google.ca,PDV62QTW2RX
Ferris Puckett,congue@google.ca,KHK88BFM7LI
Anika Nguyen,purus.sapien.gravida@outlook.ca,MBY82COE2IV
Austin Wilkerson,sem.nulla.interdum@protonmail.org,JQW51NJT8NO
Madeline Bernard,integer.in.magna@hotmail.net,KJG91HSH2KH
Trevor Fowler,duis@hotmail.couk,EDG81JAB1HK
Reed Fleming,ut@yahoo.org,OPY24IHY1KD
Sean Torres,cursus.a@hotmail.com,BEI71EFF8BF
Skyler Reeves,in.lobortis.tellus@hotmail.com,WYL59NCI7UC
Jasper Graham,dictum.eu.placerat@outlook.com,GBJ51TSM6WJ
Brianna Trevino,condimentum.eget@hotmail.org,TIX72JTS5TI
Paula Herring,nibh.quisque@icloud.com,JAX76RWX4HT
Jaquelyn Perry,ac.turpis.egestas@outlook.couk,IVI78PTI6EO
Cairo Bryan,vitae.mauris@protonmail.edu,YSM04FTU7PF
Nichole Mcmahon,eu.elit@icloud.ca,VQM86TIP0VM
Simone Roman,quis@protonmail.net,VNS84LFZ1AM
Alfonso Lang,libero@hotmail.ca,QKQ77KRQ7IF
Chanda Valentine,tellus.id@hotmail.org,DUM67BWJ0AJ
Kirk Moore,orci@aol.ca,DVN39QRQ7FF
Alexandra Wood,arcu.vestibulum@protonmail.couk,DPZ70NPT3OG
Ashton Benson,augue@outlook.couk,OVE70XYV3CV
Tad Lane,eu.nibh@hotmail.edu,PQX57ENY2YB
Zorita Lindsay,dolor.tempus@google.ca,BMI87SVZ6CF
Carolyn Vasquez,integer@aol.ca,GHE67WMQ0FE
Craig Hayes,mauris@protonmail.com,TAV93ASC9OC
Vincent Oneal,dui.augue@outlook.org,XHJ14WUJ2HL
Melvin Torres,feugiat.metus@protonmail.org,KGI67DXS2FN
Honorato Hinton,proin.nisl@hotmail.couk,QMO04ABM7HD
Darryl Guy,arcu.vestibulum@google.edu,OVW93FBK8DO
Hu Whitehead,adipiscing.elit@aol.org,RIJ35BNU4CS
Marsden Sanders,mauris.integer.sem@outlook.couk,RCO85QJU4HN
Teagan Rogers,neque.tellus@icloud.net,NVG80ATQ3JB
Zoe Williamson,malesuada.id.erat@yahoo.couk,MKR81CKD5HI
Lana Luna,non@icloud.couk,MLU17LYF1LD
Alexis Levine,lectus@yahoo.ca,KFK51VYY4CN
Wynter James,tincidunt.dui.augue@aol.edu,PMF43DVS9GK
Callum Mayo,nullam.scelerisque@aol.ca,JMK71OYB3LU
Carolyn Brock,turpis.egestas@protonmail.org,HCI96SPY8QC
James Waller,lacinia.mattis@hotmail.edu,GYG16YEC3CC
Cooper Snider,vitae.aliquam.eros@google.com,GSD78JJX1EV
Daquan Nguyen,eu.metus@yahoo.couk,JRD48UGY1OE
Blaze Macdonald,fringilla@hotmail.org,QDR25IEF8KW
Noble Paul,dui@outlook.edu,DGM53YEO0NT
Yoko Fuller,mauris.vestibulum@aol.couk,QXP54NGD9LD
MacKenzie Valdez,aliquam@aol.com,QOB14TPM4NP
Colette Odom,vestibulum.massa.rutrum@yahoo.org,HCL72ULH1HC
Levi Barrera,tempus.non.lacinia@google.ca,HFV31RBQ6SL
Georgia Clarke,sagittis.duis@protonmail.net,TEQ75QWW3BD
Fulton Peterson,tempor@protonmail.com,GTH84SSP5JP
Cade Oneil,amet@icloud.net,LGS25INF7XT
September Kirkland,semper.rutrum@aol.org,JWF34MRF2DM
Ina Franklin,donec@google.net,YFY23TBM8YG
Indira Mcdonald,nulla@aol.ca,IOC74MYA7HO
Naida Hoffman,curabitur.egestas@hotmail.com,YGN56VSW6OE
Garrison Briggs,et.eros@aol.org,LWS73NMX3UI
Dylan Douglas,non@protonmail.ca,IUT16MID1HJ
Lilah Newton,ipsum.suspendisse.sagittis@aol.org,XEZ13LFA3CR
Elvis Weiss,ullamcorper.eu@outlook.ca,QFI39QBX2PH
Zane Patterson,nunc.nulla@protonmail.ca,JOD40MUQ6RA
Belle Hall,velit.aliquam@aol.com,DWC12TFV7CX
Odessa Parker,fames@yahoo.net,TUK63VKN8PK
Virginia Le,curae.donec@yahoo.couk,RUO89FDE8GT
Blythe Meyer,eu.placerat@aol.edu,CVD55VFF4NO
Jenna Hebert,congue.a.aliquet@yahoo.org,XAW66DHK4JS
Xavier Gentry,diam.at.pretium@google.net,HCX85MIJ7VQ
Jackson Vasquez,tempor.lorem@google.ca,JKG35POO1NQ
Mufutau Bird,est@protonmail.couk,VCB10OLE3KB
Marvin Shaffer,cursus.non@outlook.org,EPB55LJY6IN
Clayton Howell,pellentesque.sed@google.com,MPP22UOC4RS
Lucius Burns,sed.sem@yahoo.couk,YAZ07WOE2DY
Brett Parks,nulla.in@hotmail.couk,NNK46RGP7WR
Sharon Gamble,sit.amet@yahoo.couk,OTC25QNK3OP
Leo Stephens,imperdiet@aol.ca,CZR36RUN4BN
Vivien Burks,dolor.dapibus.gravida@aol.org,MCB81WDV2PL
Pandora Fleming,nibh@protonmail.org,JDT18DQO4EM
Helen Bennett,conubia@icloud.org,PBS77BFK6KS
Dexter Perry,at@outlook.ca,YHM84OJM1CU
Tyrone Mendoza,turpis.non@hotmail.com,MHS85JXU3HW
Kenyon Gay,nec.eleifend@google.ca,TAO09YHS6KB
Neil Coffey,gravida@aol.org,DZU14XUO1XV
Hamilton Fleming,fusce.aliquam@yahoo.com,KAS31DEM7CH
Celeste Craft,vitae@outlook.com,GYB74SHZ5ET
Kelsie Salazar,metus.aenean@icloud.org,YRQ21LRV0HA
Fuller Tran,posuere.vulputate@aol.net,LOS94FXZ9XV
Destiny Noble,ornare@yahoo.org,BUG71YOH9LQ
Sydney Mitchell,vel.vulputate@aol.net,TSF88DUX2YG
Kirsten Blanchard,suspendisse.dui@protonmail.couk,BQO54IFJ1QK
Odessa Buck,pede@aol.com,YMY53BTS7UK
Chancellor Collier,nisl.elementum@protonmail.edu,WUC76QVC9PI
Phoebe Atkins,enim.suspendisse@hotmail.org,SEG52ACI6XX
Brynn Bowen,nec.quam@protonmail.org,EEY43MQO6FZ
Adam Graves,purus@icloud.ca,PWT62HWH7JO
Ralph Marshall,urna.convallis.erat@google.com,LOC17EOB7XC
Sonya Ashley,mauris.rhoncus@yahoo.com,KBS08FOY5MV
Bo Buckner,augue.eu@hotmail.com,MZF65YEU1FY
Ciaran Winters,cubilia.curae.donec@hotmail.edu,MYJ61OTD6QF
Jael Bonner,ligula.donec.luctus@yahoo.couk,QOW58TJB8SO
Melvin Rivas,sapien.cras.dolor@aol.edu,VKI48RPQ1FW
Vance Mccullough,luctus.ipsum@aol.net,DUG85YBO0FE
Marcia Colon,ipsum.curabitur@icloud.com,DHM31VCS7AP
Uriah Alston,sit.amet@protonmail.org,MJJ84TDI2BO
Kasper Mclaughlin,nonummy.fusce@icloud.org,LPT05YEA0HO
Asher Terry,est.mauris@yahoo.ca,FDB95AMV3XT
Octavius Mcdaniel,sodales.elit@icloud.edu,JQT68FTU7GY
Fuller Gross,nec@protonmail.net,RWO39CAU1JF
Tamekah Harding,laoreet@yahoo.couk,OVE80FPE2HX
Kyla Hudson,velit.egestas@aol.com,NTP51PHH2TD
Amber Shields,eu.lacus.quisque@icloud.edu,MSG25DOF7WS
Oliver Preston,ipsum.dolor.sit@google.com,OJN62NIC8LY
Graham Walker,cras.eget@google.edu,XEM11DYR1SJ
Yoshi Mcknight,eu@google.net,PLI74MHJ2RS
Steel Craig,curabitur@google.edu,TYE25NUC8WS
Jin Gomez,arcu.et.pede@yahoo.edu,XDG82ARG1ON
Lars Owen,malesuada.malesuada.integer@protonmail.net,YMO37AEL8YE
Tanner Landry,augue.porttitor@icloud.edu,ERF24FOL3HQ
Alexa Warner,senectus.et@google.org,PSJ28HBR8SS
Priscilla Sandoval,libero.nec@protonmail.org,COI92OTM9LS
Mikayla Mccray,id.mollis@yahoo.couk,IQO65SEW4XN
Margaret Whitehead,ipsum@outlook.couk,AJM12MER7UI
Kenyon Brooks,consectetuer.adipiscing.elit@hotmail.org,XDC18XBI0MV
Driscoll Hahn,augue@outlook.com,DIF78NAQ5EX
Harriet Bright,id.nunc.interdum@icloud.com,EAI17YHC8RT
Aurelia Bond,est.arcu@hotmail.ca,ZKH17TGE0SQ
Roary Oliver,sit@protonmail.org,SED31KPU0LU
Dolan Harrell,fusce.mi.lorem@google.ca,LUZ15CCT3OD
Maryam Warren,phasellus.elit@hotmail.couk,GMB38WPL1CO
Gabriel Washington,mollis@icloud.com,BGY90TOL8TO
Lana Oneil,ultricies.ligula@yahoo.net,KIE24GDC7RU
Sacha Snow,elit.fermentum.risus@aol.net,XIF72JUV5DN
Graham Church,tempor.diam@aol.ca,GGK44SWF8PS
Benedict Short,et.euismod@hotmail.net,VXH32MEG1FV
Phelan Marks,cras.sed@google.edu,FKC47DOC2OY
Kane Durham,nunc.ut@hotmail.net,KKK08MGS8FB
Carly Maldonado,nec.ante@google.com,PMW35SDI9DK
Edward Mcintyre,sit.amet.consectetuer@google.org,BUU38QHE1UY
Joel Bright,molestie.in.tempus@aol.couk,MBP73NIN7NT
Xenos Hudson,ornare.tortor.at@yahoo.edu,GZU89JCC4PH
Kyle Acevedo,penatibus.et@protonmail.edu,GWS26KCB3JB
Leo Parrish,fermentum.metus@protonmail.com,HWV72UVR1JE
Caryn Delacruz,consequat.enim@protonmail.org,SXX08UCN3UJ
Prescott Herrera,non@aol.edu,MHG46HTJ8NP
Evan Allison,nisi.dictum@icloud.net,YPR83ZMZ6GH
Rafael Meyer,odio.tristique@aol.edu,XOC88VMH2BK
Halla Downs,nunc.ac@yahoo.couk,DKW32QPE1XW
Harlan Sosa,amet.nulla@yahoo.couk,OGL21JIV4KQ
Zia Holt,feugiat@yahoo.ca,SYV63HEO6IW
Emerald Mcneil,dui.lectus.rutrum@google.ca,WNP71DQW8YY
Brandon Alvarez,risus.morbi.metus@icloud.org,XMM16GJF7PP
Moana Whitaker,sem.pellentesque@protonmail.edu,EPR60HFX6MS
Davis Houston,sed.est.nunc@protonmail.edu,JSI40HRY4QV
Jayme Richard,ipsum.non@icloud.org,PGC14VPP1QM
Prescott Nieves,dictum@icloud.ca,LIH17UDN0DF
Unity Dickson,pretium.et@protonmail.net,WMB73UUS2TY
Patience Johnson,risus.morbi@aol.ca,GGB32XMG4QC
Hu Booth,vel.turpis.aliquam@protonmail.net,DAP96MVV1QH
Vaughan Flores,nec.tellus@aol.ca,UQI36RTL7UB
Eric Watkins,arcu@google.edu,KCK31BJP8SO
Clayton Dickson,mauris.quis@protonmail.org,NSX02TDV7KL
Lesley Hoffman,arcu.vestibulum.ante@outlook.couk,RPK08CHD3IL
Brock Malone,aliquet.sem@aol.org,DBP16FXX6HF
Andrew Mcknight,nonummy.ipsum@aol.ca,OVX72TMK7DA
Tamekah Riddle,neque.sed@aol.com,IZM07EVU5NN
Yvette Jenkins,vel.quam@aol.couk,LYM83QVF5YB
Samson Morin,semper.nam.tempor@google.edu,DXY37FIA0WQ
Grant Pratt,egestas.hendrerit@yahoo.com,SLX10BJG3PZ
Bert Burgess,odio.vel@aol.org,YEK82DKD7HZ
Jonah Burton,nulla.tincidunt.neque@aol.org,FOI37QIE2IL
Ciaran Cole,consequat.enim@google.net,FRO62YGS4ST
Tana Garner,non.cursus@outlook.com,WIO26LGA5BV
Emmanuel Ferguson,ac.orci@hotmail.net,MCJ17BED7KV
Sage Bright,arcu.et@hotmail.net,QVC54LBY7KS
Sybil Wise,ac@aol.org,JCC79SXM2QC
Harrison Booker,ornare@yahoo.org,XBY33WEL1PO
Ebony Douglas,in.condimentum.donec@google.net,WWG51CJD0JN
Zena Summers,pede.cum@aol.couk,LLE82RIP7XU
Alfonso Cooke,duis.a.mi@icloud.edu,UNP12PFD8LP
Cassady Moreno,pellentesque@protonmail.couk,WSS53FIR9KJ
Eagan Fletcher,proin.sed@yahoo.couk,EDN89JSS9EN
Norman Burnett,metus@outlook.net,ECK26TLN3UV
Kermit Sargent,egestas.a@hotmail.couk,HLE68VOP6XD
Murphy O'Neill,auctor.velit.aliquam@outlook.com,LFL21EPB8NS
Noelani Watts,etiam.imperdiet@google.org,YJD12RKF4SN
Hadley Camacho,feugiat.placerat.velit@icloud.net,QHP15LEF2NX
Freya Petersen,integer.in@outlook.net,TFQ72NJL2PF
Hadassah Bonner,ante.blandit.viverra@hotmail.org,WOU14TCY0OJ
Harding Cherry,pellentesque.sed.dictum@yahoo.ca,ZFS17TGE6OC
Christen Navarro,cras@yahoo.com,BNC81ZCK8OW
Unity Crane,scelerisque@icloud.edu,DRG11ENR2LG
Dustin Hardy,aliquam.adipiscing.lobortis@outlook.ca,EFL92FPZ5JU
Gil Duke,mi@protonmail.com,NTF23WPP8PN
Joelle Hyde,rhoncus@google.edu,NHW17NSY2LO
Jerry Cherry,nulla.interdum@hotmail.net,DQF41XUN5YS
Leo Gill,cursus.non@yahoo.org,FNV80FXD2FE
Althea Herman,a.scelerisque@protonmail.couk,EXD39HVM2TV
Kyra Watson,scelerisque.neque@hotmail.com,EJU46ELL3BW
Beatrice Lara,pharetra@icloud.ca,GJT69CKC1IC
Tatum Norton,auctor@outlook.ca,IWE61ILN4HD
Kelsey Wilkinson,dictum.magna.ut@protonmail.org,BNN02HGT6TN
Hanna Luna,morbi@protonmail.net,GPP63BYF4YP
Garrett York,fusce@hotmail.couk,XHJ62JBU4EP
Gail Evans,egestas.ligula.nullam@yahoo.com,UOV73OYO5AY
Omar Brennan,at@aol.edu,DKS04HTE2SS
Dai Kemp,auctor.non@google.ca,UMC90NHW2SE
Ria Joyce,egestas.blandit.nam@outlook.com,CBN12YHG4PC
Christen Matthews,quisque.nonummy@google.net,TLY84IHV5LR
Mark Beck,et@icloud.net,FQT24LSF1QB
Colorado Fisher,sed.neque@outlook.com,DVL82BBK3EJ
Blossom Cantrell,vivamus.sit@protonmail.net,OUV72FZR4MY
Darrel Hopper,libero@icloud.ca,ISI39XXB0SP
Veda Hines,nec.ante@aol.ca,HXR88QOC4VN
Macey Blake,cum.sociis.natoque@outlook.edu,LRA88KLQ1SD
Amelia Osborn,in.scelerisque.scelerisque@icloud.net,SGF44IJD6WG
Kenneth Mayo,dictum.cursus@yahoo.edu,NQX50FJR9SP
Adena Hale,elit.pretium@aol.ca,TFO71UGX5HC
Erin Sexton,aliquam.fringilla@google.com,WZE11PZZ6WT
Serena Mays,dictum.mi.ac@icloud.net,UQS65ECD2WV
Quon Duffy,purus.duis.elementum@aol.org,YPG58EWJ4FX
Wesley Woodward,purus.mauris@icloud.couk,TDB55DFU5SW
Basia Preston,ut.tincidunt@aol.org,DFR64FTM6MQ
Vera Bauer,vulputate.nisi@aol.org,FLC81VAH5BM
Cullen Mcgowan,in.dolor@hotmail.com,GOW36WBU0JV
Vaughan Atkinson,sed.dolor.fusce@aol.couk,PAU20BUE1NI
Aquila Pierce,non.justo.proin@protonmail.org,NHE32AIV6YI
Zephr Macdonald,quisque@yahoo.edu,YHS21SVW2CG
Lacy Browning,quisque@aol.ca,PXH72QDH3HC
Dawn Mitchell,ornare@icloud.ca,PNB97FEK6MD
Yoshi Mcpherson,suspendisse.sagittis@hotmail.com,QOW75MRX3UB
Nash Hahn,vitae.sodales@google.couk,LRS38MZI9BV
Jakeem Cooley,suscipit.nonummy.fusce@outlook.net,CBS41PWT1WW
Chester Brewer,nibh.donec@hotmail.org,KXL55UXC2PO
Knox Pickett,ipsum.primis.in@hotmail.couk,NHV23UUV9GM
Armando Cochran,neque.pellentesque@outlook.couk,GCZ60QYH8RJ
Fiona Castaneda,tincidunt.nibh@icloud.org,LYT28VUC2YG
Odessa Holmes,dictum.augue@outlook.org,FKN83ECV4ZW
Aladdin Rhodes,sagittis.duis.gravida@yahoo.ca,YSC33DIZ8BE
Vincent Hendrix,aliquet.proin@hotmail.couk,BPE66OPK8PT
Nichole Duke,velit.justo@outlook.net,JOP43DJC8EY
Colleen Downs,sem.pellentesque.ut@yahoo.net,TRD01HXS6LM
Byron Myers,lacinia@google.ca,EOA37GBH1OC
Jana Mccall,purus.sapien@outlook.org,LUY59ABB9AU
Elaine Glenn,dui.fusce@google.org,GLX31POJ2TE
Keiko Suarez,ridiculus.mus@icloud.couk,OLN88HXL9ME
Nero Joyce,pellentesque@yahoo.ca,KFW78PRY5NV
Ira Flynn,vitae@yahoo.ca,DDB12PMN3VG
Brooke Gill,malesuada.ut@hotmail.ca,RSB66IHN3PS
Fulton Hoover,orci.ut.semper@yahoo.org,SSK45SYX3XH
Riley Long,quis.massa.mauris@aol.net,IJQ65QTE7AS
Diana Solis,ornare.tortor@hotmail.net,RND37QBW5WP
Beatrice Mercado,nascetur.ridiculus@aol.ca,SSY52HMH1WW
Zachary Valencia,nunc.risus@outlook.com,WMN43QTQ9HB
Jacqueline Cameron,tincidunt.tempus@outlook.com,TBC50CAB1UT
Lamar Simon,sit.amet.dapibus@protonmail.edu,HNJ21YZH4SC
Eric Juarez,magna.nam.ligula@google.ca,YXQ95EUC5ES
Clayton Calhoun,euismod.enim@icloud.org,EYJ93NCW2OK
Evelyn Ware,at.pede@hotmail.com,SHH18HGV4HS
Noble Simpson,libero.morbi@yahoo.couk,XQU43IJC5YP
Connor Ryan,aliquet.odio@google.net,XUL10ODS2UZ
Todd Henderson,nec@hotmail.net,JPE63MET4MB
Rose Fischer,consequat@hotmail.org,HGH49DOJ5QC
Erasmus Ford,nunc@protonmail.couk,TYI11ASK7TF
Gwendolyn Calderon,rutrum@aol.net,EXT73PFX6FS
Herrod Mullen,iaculis@google.org,IER47ZVR6NF
Harper Barker,pharetra.sed@yahoo.org,KVI71LRC6DV
Halla Simmons,integer.vitae@outlook.edu,HMN16WWT3EC
Carol Pugh,convallis@aol.edu,KKZ14LGX5OE
Chelsea Mosley,sem.eget.massa@icloud.edu,QPY49GGB3HP
Winifred Payne,consectetuer.mauris.id@yahoo.edu,CEY11EFR5YD
Baxter Velez,nunc.pulvinar@protonmail.com,RIL43DKH5MA
Wallace Robinson,torquent.per@icloud.couk,KGV78MJV5ME
Anika Bonner,nunc.mauris@yahoo.ca,ROZ15QTM6KF
Joy Rush,ut.nisi.a@protonmail.edu,HHF40DJR5YF
Nyssa Donaldson,ac.libero@aol.couk,SKI35EUM9GS
Aspen Benjamin,phasellus.vitae@yahoo.couk,UTQ33HVD1DX
Xena Ellison,mi.lacinia@icloud.edu,RWM50BNC4PD
Ifeoma Ball,sagittis.augue@protonmail.com,CMJ26CSL7QV
Upton Cochran,cursus@protonmail.edu,MMR76EQQ5DO
Galvin Ellison,dapibus.rutrum.justo@outlook.edu,FLX13USB4GS
Tamara Calderon,eleifend@aol.org,RUV21CKL6IP
Ashely Daniels,vestibulum.lorem@hotmail.edu,ICJ11BNQ9WK
Fritz Freeman,in.condimentum@hotmail.ca,VBU70CAF1XK
Mohammad Erickson,lobortis@icloud.ca,XML26TFX9JN
Brielle Rocha,semper.egestas@icloud.ca,HVB22SDT8CN
Lucas Mcbride,cras.lorem.lorem@icloud.couk,DST54DAU2SX
Levi Dudley,penatibus.et@protonmail.edu,JDK11GUI1XQ
Aquila Riddle,feugiat@aol.edu,ZKN57LHR2PB
Lamar Stewart,auctor.ullamcorper@yahoo.couk,OUT86OIR0MV
Olga Clayton,proin.velit@protonmail.net,IUK38GOF2QU
Kirk James,leo.morbi@yahoo.ca,XTY56BKM2QS
Fulton Gallegos,lorem.vitae.odio@aol.org,RLD82QOQ4MH
Drew Berger,duis.cursus@yahoo.couk,GLB74NBX6UW
Maggy Cooper,primis.in.faucibus@protonmail.net,BHJ10ZTG8RM
Dante Bowman,eros.nam.consequat@hotmail.couk,DWS68OKC5VV
Hayfa Lang,eget@icloud.com,LBZ86JTN9CP
Daniel Foley,dignissim@outlook.com,CYG57YXE6PQ
Jordan Mitchell,magna@aol.com,JJS98BRC1LR
Sacha Puckett,nunc.in@google.couk,NNK75WGJ7WJ
Prescott Ramsey,diam@google.org,DST12LHU2CT
Clayton Jefferson,fermentum.arcu@hotmail.edu,OZI24MEW7PG
Serena Becker,eget.magna@icloud.edu,DWN82IVJ8EL
Halla Zamora,risus.donec@yahoo.ca,YBB24HDV4MY
Brianna Simpson,nec@outlook.couk,IOS34BIO6NU
Imelda Norris,aliquam.fringilla@aol.couk,PXN25KYE1DK
Wing Mcgee,nunc.interdum.feugiat@hotmail.ca,UTL38PDO5WX
Tucker Burch,sed.consequat.auctor@icloud.edu,UJE87QFI4QO
Patience Solomon,eu.placerat@hotmail.com,WYY44FHY9SQ
Kimberly Velazquez,a@yahoo.edu,KZX16TFP3TR
Zorita Wilson,sapien.cras@google.ca,HOY52NNO0AZ
Ezekiel Alvarez,varius.orci@aol.ca,NKT88OGC1CB
Prescott Hull,dolor.sit@aol.org,JVJ44NGS1RB
Abdul Elliott,erat.volutpat.nulla@icloud.net,LKI12VUL9NE
Craig Fuller,gravida@yahoo.ca,MJP80PDH7FR
Delilah Keller,at@hotmail.edu,FLD43EJT7PD
Yvonne Cortez,tincidunt.donec.vitae@outlook.ca,PLB02TBF7DP
Melvin Armstrong,dolor.elit@google.net,DQM43IJK1SW
Ruth Campbell,sem.ut.cursus@outlook.couk,CRK28UBA2JY
Alice Duffy,sed@aol.net,CNL42GGB1DZ
Emerald Brown,fusce.aliquet.magna@protonmail.org,PJE07VUD8IE
Naomi Logan,duis.at@icloud.org,FNX96HUG6ST
Victor Leblanc,tempus.non@hotmail.net,LCE75OGZ3KG
Justina Blevins,euismod.mauris@yahoo.org,PBW24DBC9QF
Melissa Hansen,augue.id@yahoo.ca,ORT95JNA4GM
Connor Oneil,commodo.hendrerit.donec@google.ca,SJR04FSC3QP
Aquila Weaver,semper.pretium@protonmail.ca,JBA98DQQ5HF
Haley Olson,sagittis.placerat@google.org,QWK21ETU9XA
Carissa Fuentes,nibh.phasellus.nulla@icloud.couk,DKR35AWH3RV
Ferris Woodard,rutrum.urna@yahoo.couk,HJO39DMV7VM
Ruth Alexander,arcu.nunc@aol.net,XXP60LTT2BH
Mariam Orr,integer.tincidunt@hotmail.edu,HEA71XMA2XK
Autumn Harris,risus@outlook.edu,YME76OQK1YD
Rebecca Snow,pede.suspendisse.dui@hotmail.net,SGR72BQB8XT
Jack Boyer,ut.eros@protonmail.net,YRM33PFP7QO
Anjolie Vasquez,malesuada.fames.ac@yahoo.ca,DMN06JYH5VS
Laith Ruiz,mauris@aol.net,DBS00NGY2XW
Troy Gilbert,libero.proin@yahoo.net,QFB24UDN9VC
Farrah Mcdowell,elit.etiam.laoreet@hotmail.ca,YXP75RRB2XK
Karly Mcpherson,lorem.ipsum@hotmail.com,TOR25HHK2KG
Neil Castaneda,dictum.eleifend.nunc@icloud.couk,RJV14KTS1YX
Christian Chaney,non@protonmail.edu,AQF11HAY1JE
Isaiah Hunt,et@protonmail.edu,PGB07DME2CU
Elvis Gibson,tellus.id@outlook.org,JIV84ZTQ2IP
Libby Woods,at.sem@icloud.edu,TRO60VBZ8QS
Sopoline Delaney,sed.eget@icloud.edu,DVF70EOS7BP
Jaquelyn Rich,dis.parturient.montes@hotmail.edu,XWY64HFZ5GY
Daquan Farrell,elit.aliquam@protonmail.net,AQE08SKC3NX
William Harrington,aliquam.erat.volutpat@icloud.ca,SLL34UHT6VT
Camilla Barry,mollis.vitae@icloud.com,LGS42HAD0VF
Hakeem Mccray,eu@icloud.com,KZS58EQH6UL
Portia Love,interdum@outlook.couk,CEB45WQZ4HA
Noble Hodge,nec.enim@google.couk,AJF95DXE4ZY
Dana Humphrey,ipsum.donec.sollicitudin@protonmail.edu,YMG32FJJ8MN
Petra Charles,metus.aenean@icloud.couk,HGS44TDT7HY
Daryl Beard,duis@hotmail.couk,NMR37MXB5XX
Linus Kidd,et.pede.nunc@hotmail.org,PHI61TYU8KY
Cole Guzman,cras@aol.net,YLO41VFP2CW
Gillian Spence,arcu.curabitur@outlook.ca,NAR16QSN4IS
Carla Dominguez,ornare.lectus@outlook.ca,BZB47ZLG4XA
Hilary Ayers,elit@aol.com,ABJ27QAN3HM
Kay Bullock,phasellus.at.augue@aol.org,DCN84TSB7KF
Randall Page,quisque.tincidunt.pede@outlook.net,LTL40HZH1IH
Adele Sloan,accumsan@yahoo.couk,USW29AMN3XS
Rebekah Duran,odio.auctor@protonmail.ca,DNO52PHB2FW
Bell Downs,fringilla@protonmail.net,KLG36BYG9HB
Charles Dale,gravida.molestie@google.edu,IGE86VCD5BF
Daquan Carney,amet@yahoo.com,MBJ46SGF7QL
Yoshio Peck,sed.neque.sed@yahoo.edu,BMK37IBW1YR
Nevada Morales,in@yahoo.com,FRE83VIF6BX
Serena Schneider,facilisis.suspendisse@protonmail.edu,ZSZ77REO4DT
Darryl Valenzuela,mauris.ut@protonmail.net,IMS45YFU9JM
Connor Morse,metus.aliquam.erat@yahoo.net,ZXQ14GYF3DT
Adrienne Buckley,felis.purus.ac@protonmail.org,RKN85OJK3RZ
Griffith Mercer,luctus@yahoo.couk,FLO93RDP0OU
Chantale Mitchell,id.nunc@protonmail.edu,ZTE74JOK0QH
Xavier Luna,at@yahoo.ca,CXO28CAB3PN
Joseph Carter,odio@outlook.org,EXI82KQM1KF
Matthew Mccormick,diam.vel@aol.edu,JNC82MJX6JG
Xanthus Bennett,aliquet.sem@hotmail.couk,HJQ26TPZ4VU
Driscoll Jimenez,in.consequat@hotmail.ca,QFX14JZS1KB
Shannon Scott,pede.malesuada@aol.edu,YJA47TYX7NQ
Marah Chaney,ut@google.edu,JUD47DIU3SX
Isaiah Baird,odio@icloud.org,PKE92GVX1AD
Stephen Britt,sit@protonmail.net,HCY35QJN3BT
Lucas Decker,libero.at@outlook.com,WUV22KYG4MQ
Azalia Daniels,senectus.et@protonmail.edu,GZK66QAH8IC
Brenden Nichols,integer.vitae.nibh@google.com,EOZ84NLJ3WR
Palmer Lara,quis.massa@protonmail.edu,RRW61SRU0HV
Mikayla Dunlap,proin@yahoo.edu,VYF25AYF2VY
Wilma Clay,aliquet.nec.imperdiet@icloud.couk,HOM62IXB7TB
Hyatt Hendricks,donec@google.net,JQC14VQW6ES
Emi Kirkland,phasellus.fermentum@hotmail.edu,TMH17RIK3EN
Barrett Swanson,iaculis@outlook.ca,ABG12WLT7XQ
Zeus Bonner,cursus@google.org,MMT10CEK3TI
Kameko Petty,ipsum.porta.elit@google.couk,MCX68YDZ5LT
Colleen Powers,at.augue@google.net,KQD42PEB2RS
Lilah Young,fermentum@icloud.couk,WGM42SCC4YO
Fallon Ramirez,aliquam.erat.volutpat@hotmail.couk,AVA53PYK7SB
Alfreda Mendez,cursus.vestibulum@outlook.org,QKH94MKX6NB
Benedict Townsend,nec@google.net,AJJ18ZCH0UD
Galvin Walls,ac.libero@yahoo.ca,ZXS94YKH7JB
Robin Soto,hymenaeos.mauris.ut@yahoo.org,JUB08LYM6HR
Scarlett Meyer,tempus.risus@icloud.ca,NKS01NVY1FG
Regan Henderson,id.nunc.interdum@aol.edu,UKF17FIY6JK
Colette Wynn,sollicitudin.orci.sem@outlook.edu,HGX02SJI5XE
Riley Acosta,mauris.blandit@protonmail.couk,DXD16KRM1SV
Kennan Pratt,dictum.placerat.augue@hotmail.org,FRI46WCG4SJ
Armand Collier,fusce@google.org,IRY67MXV6HH
Lesley Duffy,ipsum.cursus@google.org,HZQ03SOM7WR
Hope Jacobson,morbi.tristique@yahoo.edu,XUG71RVA2VU
Garth Huber,auctor.velit@yahoo.com,VMQ58HWG3FJ
Maia Wall,aliquet.molestie@google.ca,MYI97AHW4LU
Quinlan Cobb,duis.gravida@yahoo.edu,DWB54XDT2QM
Fletcher Wolf,eu.odio.phasellus@google.couk,JMB57DDR2HS
Lacey Weaver,fusce@icloud.net,NIW49VWL1JB
Troy Rose,augue@hotmail.net,NUQ96LMA0RM
Deacon Scott,phasellus.in@protonmail.com,CMU28PZV7RB
Kelsey Mendez,nulla.eget.metus@aol.com,JMF61DEG2FW
Chantale Mercado,faucibus.ut.nulla@outlook.org,ACW49VKK3ON
Sage Maldonado,quis.urna@icloud.edu,UYU55EMX2UO
Berk Raymond,odio@aol.ca,MWS73GOQ1ES
Leandra Pruitt,fusce.diam@icloud.com,OHF51KGA0FM
Alexa Sanchez,ullamcorper.magna@hotmail.net,GDV97OKG2KA
Merrill Cote,vulputate.posuere@hotmail.ca,KQN35NFU7GN
Finn Atkins,nulla.tincidunt@icloud.ca,QFJ21DCK7BD
Dora Burks,gravida.praesent.eu@aol.net,VKB70KIV4GR
TaShya Stark,quis.arcu@icloud.edu,UEG36DBJ7SG
Solomon Duke,magna.sed@protonmail.couk,GGZ40IOO7PC
Felicia Allen,ut.pellentesque.eget@yahoo.net,HIY11IYL3VY
Nola Rodriquez,mauris.ipsum@hotmail.org,FWD77VYL2OG
Nathaniel Kramer,est.ac.facilisis@aol.ca,WSV58HEQ4VR
Samantha Powell,pretium.neque@hotmail.couk,OUW03GKI4TP
Arsenio Bullock,eu.placerat@hotmail.com,CNL84DGQ5WX
Devin Simon,maecenas.iaculis.aliquet@protonmail.com,IVS79QZD2FR
Garrison Hurley,turpis.non@outlook.edu,TKP86SYX9CE
Vernon Collier,donec.feugiat.metus@google.ca,DJX80UZD7WW
Adena Jarvis,luctus.sit@hotmail.com,QOS43UOE8DG
Forrest Garcia,cursus@yahoo.net,GJT01UUP4FQ
Louis Mosley,pellentesque.a@outlook.edu,ITX79IZJ5EO
Oren Parrish,non@protonmail.ca,PCH28WKC2JU
Steven Chandler,lectus.ante@outlook.net,IPK33VOA8SX
Xander Wade,maecenas.iaculis.aliquet@icloud.ca,IZP97ASK2KF
Maile Davis,nec.orci.donec@outlook.edu,PCB36STL9DV
Martina Woodward,nulla.eu.neque@hotmail.couk,DBO23DDJ5VG
Hollee Newman,etiam@hotmail.net,SOE56JPW7CB
Nigel Knight,arcu.nunc@yahoo.com,SRM40AVY1GR
Flynn Chambers,massa@outlook.net,NAG50MXI1PX
Merrill Marshall,nunc@hotmail.org,CCP46XHO7YS
Henry Ortega,integer.mollis.integer@yahoo.com,XWI61RJI4BN
Beatrice Fletcher,ipsum@hotmail.org,QNE67RMB1WK
Chandler Mullins,leo.elementum.sem@yahoo.com,HHC57YYC3HN
Chandler Singleton,est.congue@outlook.net,XXF16IGV3GU
Lillian Jenkins,phasellus.nulla@icloud.couk,RHN47PTL8CL
Paki Pickett,mauris.blandit.enim@yahoo.ca,IJT02RHG8OB
Abraham Key,nisi@google.ca,GWK05MXJ6HU
Donovan Ortega,amet@aol.edu,BXN71WYV6LH
Reuben Norris,lobortis.tellus@outlook.org,YRD87XJJ8WQ
Hyacinth Cooper,enim@aol.edu,BMJ71CGB7NS
Trevor Barber,feugiat@google.couk,HPL76TLV4BD
Abbot Hanson,ipsum.dolor@aol.ca,TQL49CJK8RR
Yoko Larsen,massa@outlook.couk,PKK24VNW7MR
George Lee,nascetur.ridiculus@google.couk,PVG45VND2RK
Orlando Hubbard,sit.amet@google.ca,NJO80QCJ2XW
Kiayada Vang,pellentesque.sed@aol.com,DVE96WIN1FE
Juliet Cervantes,purus.in@google.edu,RSZ85QGJ3LE
Lareina Whitaker,integer.aliquam@aol.com,ZSR45SPN7CT
Lenore Roberson,aenean.gravida@icloud.org,MNJ30YDL2IC
Quentin Walton,lorem.semper.auctor@aol.net,VXU38YJS5XG
Odette Wade,maecenas.iaculis@protonmail.com,KRW15YVD3YK
Isaiah Phelps,vel@protonmail.edu,JHN68UOF1ES
Sierra Mcfadden,ornare.lectus@hotmail.ca,RXH84NWH6FQ
Virginia Battle,ut.mi.duis@icloud.couk,IHI29MOO3WQ
Barbara Roach,ut@yahoo.edu,CPL15BVC7FO
Garrison Hodges,ut@hotmail.org,XIH45WSJ1LE
Hakeem Lindsay,facilisis.magna@yahoo.edu,IYC74PPY5YK
Upton Clay,auctor.vitae@google.net,WOC56RKL8OX
Daryl Owens,nisl.elementum.purus@protonmail.net,DTX44EGK4MX
Clio Hartman,risus.quis.diam@google.net,WYH61OQH6RH
Magee Hammond,ultrices.mauris@outlook.net,JBZ30VKX0XO
Destiny Goodman,elit@google.edu,HLB37MSV6PJ
August Mccormick,a.neque@outlook.edu,VCR77OEF2QT
Daryl Bennett,sem.molestie@outlook.com,WNO52EDJ6UG
Duncan Griffin,justo.eu@icloud.couk,DGX22MIM4OI
James Marquez,vel.mauris@outlook.net,UCV04VPB1XO
Tamara Johnston,nibh@hotmail.net,YOQ56SWN4LR
Gabriel Wall,nisi.nibh.lacinia@outlook.net,DGE28VOG7EK
Kristen Kennedy,rhoncus@google.couk,XTY34VTO3IY
Noelle Hester,ac.fermentum@hotmail.edu,KUN15TNF6SL
Caesar Mclean,non.nisi.aenean@yahoo.com,BNQ62WSU6NP
Quamar Morrison,tempor.augue@google.ca,YOI27FWL7FT
Aline Pickett,condimentum@google.couk,GHN63ZUV8QE
Nevada Douglas,ligula.elit@yahoo.couk,JHD19GIG1AF
Autumn Riddle,urna@hotmail.net,DHB84PGT0TC
Brendan Solis,eleifend@google.net,WIK09OUS1EI
Xantha Hyde,et.ipsum.cursus@protonmail.com,LXV84WDD3EF
Barclay Stephens,vulputate@outlook.edu,EPF53TLY8MW
Quon Gonzalez,ipsum.leo.elementum@hotmail.com,YVP36YFI6NB
Price Mullins,ac@yahoo.ca,IXQ44VAS6NZ
Tarik Lynch,risus.nunc@aol.ca,BCY07SHY0TL
Jacob Briggs,dolor.elit.pellentesque@yahoo.net,FOK71HGG3CR
Mason Barron,neque.nullam@hotmail.couk,UOV61UGH6VG
Dane Delgado,sed.dictum.eleifend@google.ca,UPP64ERT7TG
Kylynn Nieves,erat@protonmail.ca,CNF15FGY6UO
Erica Hickman,tellus.suspendisse@yahoo.ca,IMC06NEM8OL
Edan Weeks,urna@hotmail.org,VTO12API8EV
Amber Knapp,mollis.lectus.pede@aol.ca,RDI86CZT5BC
Xavier Dillard,faucibus.orci@google.net,CAU31VKN0SZ
Mari Barrett,ac.facilisis@aol.edu,ULI80ZKV1CK
Heidi Fuentes,mollis.phasellus@google.couk,LEK81DQZ1OZ
Hedley Patrick,et.rutrum@protonmail.ca,WDE22KDU7RE
Dylan Torres,non.cursus@google.org,UUG62TPB6MN
Brent Britt,vitae.erat@aol.com,TDC74NLJ6QV
Gillian Vazquez,fermentum.fermentum.arcu@outlook.couk,PKH72GZU3YS
Felix Schmidt,at@protonmail.org,FDL44KCE7GV
Kenneth Rosa,sed.dictum@hotmail.ca,HZQ34IJU7DU
Courtney French,imperdiet.non@yahoo.com,IQW37WLL7QQ
Hadassah Hines,iaculis.aliquet.diam@aol.couk,TUC61SMP6IP
Cathleen Campos,arcu.sed@icloud.com,DWF84LSW8DX
Kiayada Compton,purus@hotmail.ca,NWS26FAQ2YQ
Florence Mccarty,lacinia.mattis@yahoo.ca,XEU13RUB3GX
Bert Mitchell,adipiscing.mauris@icloud.org,XAX69RMN8VV
Robin Decker,morbi.tristique.senectus@yahoo.ca,CJW41MXN2PY
James Navarro,ut.pellentesque.eget@hotmail.net,YMQ42WYK3QD
Ashton Glover,odio@hotmail.org,CEU87KNG6EP
Clark Sellers,morbi@aol.edu,BUW28KEW8KY
Tad Thompson,in.tempus@icloud.com,JYB64NSD8WE
Derek Summers,metus.aliquam@yahoo.com,IED88HRS1DI
Angelica Mccray,fringilla.est@outlook.ca,POZ67SOJ2NX
Kyle Barron,enim.diam@yahoo.net,DYK98MFK7RQ
Yuli Tillman,ac.mi@icloud.ca,LBP71MPY6IH
Lewis Arnold,porttitor.vulputate@icloud.ca,FLH68XIS1DP
Donna Sykes,luctus.felis@yahoo.edu,CDW53MZY0TH
Olivia Mcdonald,aliquam.arcu.aliquam@aol.com,XWO24IHZ4EI
Medge Larson,scelerisque@google.edu,UHQ06TFW0TV
